PID,TID,DevId,Count,QCount,TAvg (ns),TMed (ns),TMin (ns),TMax (ns),TStdDev (ns),AAvg (ns),AMed (ns),AMin (ns),AMax (ns),AStdDev (ns),QAvg (ns),QMed (ns),QMin (ns),QMax (ns),QStdDev (ns),KAvg (ns),KMed (ns),KMin (ns),KMax (ns),KStdDev (ns),API Name,Kernel Name
318229,318229,0,223,202,24617863.5,15498.0,13169,95830527,38679149.2,10288.3,8790.0,7651,49522,5117.9,27160747.9,943.5,142,95818172,39782185.6,4804.4,4799.0,4480,5344,179.6,cuLaunchKernel,triton_poi_fused_add_0
318229,318229,0,111,103,24584883.9,64691.0,63157,95624941,38550635.5,8375.4,7156.0,6500,33984,4528.4,26425426.1,1350.0,146,95561252,39394182.5,56013.8,56000.0,55231,56928,378.2,cuLaunchKernelEx,nvjet_sm90_tst_256x128_64x4_1x2_h_bz_coopA_TNT
318229,318229,0,111,105,24565237.7,10036.0,9347,94931487,38598073.2,5178.7,4654.0,4195,19375,2010.2,25959845.1,1977.0,100,94923270,39229964.8,3471.6,3456.0,3328,3841,101.8,cudaLaunchKernel,"void at::native::triu_tril_kernel<float, int, (bool)1, (int)2, (bool)0>(at::cuda::detail::TensorInfo<T1, T2>, at::cuda::detail::TensorInfo<const T1, T2>, long, long, T2)"
318229,318229,0,111,106,24561571.8,9846.0,9078,94920064,38592769.3,5241.2,4694.0,4370,21208,2234.3,25711251.5,1802.0,96,94912430,39118911.1,3282.5,3264.0,3232,3424,33.0,cudaLaunchKernel,"void at::native::unrolled_elementwise_kernel<at::native::direct_copy_kernel_cuda(at::TensorIteratorBase &)::[lambda() (instance 3)]::operator ()() const::[lambda() (instance 11)]::operator ()() const::[lambda(bool) (instance 1)], std::array<char *, (unsigned long)2>, (int)4, TrivialOffsetCalculator<(int)1, unsigned int>, TrivialOffsetCalculator<(int)1, unsigned int>, at::native::memory::LoadWithCast<(int)1>, at::native::memory::StoreWithCast<(int)1>>(int, T1, T2, T4, T5, T6, T7)"
318229,318229,0,111,107,24558861.4,40807.0,39608,94844230,38533901.0,5768.7,5166.0,4852,21718,2247.0,25436340.5,1897.0,159,94805869,38953530.9,33413.2,33311.0,33024,34368,299.4,cudaLaunchKernel,"void at::native::elementwise_kernel<(int)128, (int)2, void at::native::gpu_kernel_impl_nocast<at::native::<unnamed>::masked_fill_kernel(at::TensorIterator &, const c10::Scalar &)::[lambda() (instance 1)]::operator ()() const::[lambda() (instance 7)]::operator ()() const::[lambda(float, bool) (instance 1)]>(at::TensorIteratorBase &, const T1 &)::[lambda(int) (instance 1)]>(int, T3)"
318229,318229,0,111,107,24546158.9,37092.0,35623,94829903,38518257.3,6142.4,5440.0,5030,23549,2408.6,25427036.5,2070.0,346,94795125,38937651.7,29293.5,29184.0,28448,30816,472.5,cudaLaunchKernel,"void <unnamed>::softmax_warp_forward<float, float, float, (int)10, (bool)0, (bool)0>(T2 *, const T1 *, int, int, int, const bool *, int, bool)"
318229,318229,0,111,104,24518707.4,14069.0,13228,95523555,38529021.6,6672.2,5740.0,5191,30459,3771.4,26155204.2,1796.5,888,95511167,39266309.5,6432.8,6431.0,6112,6848,186.5,cuLaunchKernel,triton_poi_fused_mul_silu_split_0
318229,318229,0,111,105,24491253.8,17108.0,16021,94682581,38464598.3,7674.9,6428.0,5822,49573,5080.3,25873549.9,1534.0,10,94667643,39094505.6,8801.9,8767.0,8544,9440,176.9,cuLaunchKernelEx,nvjet_sm90_tst_128x96_64x7_1x2_h_bz_NNT
318229,318229,0,226,182,24422664.3,49379.0,45279,96030298,38583315.3,13743.7,11821.0,10260,61058,6321.8,29673668.3,798.0,11,95030607,40237845.9,512857.3,35904.5,33760,8386432,884694.3,cuLaunchKernelEx,ncclDevKernel_AllReduce_Sum_bf16_RING_LL(ncclDevKernelArgsStorage<(unsigned long)4096>)
318229,318229,0,223,202,24374725.4,34939.0,21010,95450611,38308823.1,7474.9,6445.0,5612,40343,3946.2,26877644.4,1311.5,173,95415380,39401989.9,20897.6,14816.0,13664,29473,6931.8,cuLaunchKernelEx,nvjet_sm90_tst_128x128_64x6_4x2_h_bz_TNT
318229,318229,0,115,110,24324872.8,33754.0,15632,94965316,38339624.0,6661.5,5851.0,5347,29594,3107.0,25397352.5,1810.0,169,94933999,38846746.9,25201.2,25824.0,6176,26561,3624.9,cudaLaunchKernel,"void at::native::unrolled_elementwise_kernel<at::native::direct_copy_kernel_cuda(at::TensorIteratorBase &)::[lambda() (instance 3)]::operator ()() const::[lambda() (instance 7)]::operator ()() const::[lambda(float) (instance 1)], std::array<char *, (unsigned long)2>, (int)4, TrivialOffsetCalculator<(int)1, unsigned int>, TrivialOffsetCalculator<(int)1, unsigned int>, at::native::memory::LoadWithCast<(int)1>, at::native::memory::StoreWithCast<(int)1>>(int, T1, T2, T4, T5, T6, T7)"
318229,318229,0,442,409,24244363.2,15985.0,9199,95693125,38413934.6,66072.5,7428.5,3242,24282902,1154777.9,26122943.5,1897.0,44,95677863,39202984.9,5870.5,4960.0,3904,9760,2149.5,cudaLaunchKernel,"void at::native::<unnamed>::vectorized_layer_norm_kernel<c10::BFloat16, float, (bool)1>(int, T2, const T1 *, const T1 *, const T1 *, T2 *, T2 *, T1 *)"
318229,318229,0,110,99,24131998.4,28026.5,26759,95532172,38473083.6,9458.5,8195.5,7121,38828,4486.9,26782325.7,1012.0,17,95505971,39672311.2,18732.0,18528.0,18080,20608,545.1,cuLaunchKernelEx,nvjet_sm90_tst_144x128_64x6_1x2_h_bz_TNN
318229,318229,0,551,523,24123147.6,12464.0,8265,95465938,38230128.8,5808.8,4650.0,3606,39229,3522.7,25404027.2,1977.0,0,95451153,38821542.9,4347.9,4640.0,2400,5600,1012.3,cudaLaunchKernel,"void at::native::elementwise_kernel<(int)128, (int)4, void at::native::gpu_kernel_impl_nocast<at::native::direct_copy_kernel_cuda(at::TensorIteratorBase &)::[lambda() (instance 3)]::operator ()() const::[lambda() (instance 12)]::operator ()() const::[lambda(c10::BFloat16) (instance 1)]>(at::TensorIteratorBase &, const T1 &)::[lambda(int) (instance 1)]>(int, T3)"
318229,318229,0,220,211,24042074.2,9440.0,7563,95366378,38277348.3,5391.2,5198.5,3668,21924,2520.8,25059705.0,1974.0,143,95356941,38757692.1,2188.2,2176.0,1856,2560,198.5,cudaLaunchKernel,"void at::native::vectorized_elementwise_kernel<(int)4, at::native::cos_kernel_cuda(at::TensorIteratorBase &)::[lambda() (instance 2)]::operator ()() const::[lambda() (instance 2)]::operator ()() const::[lambda(float) (instance 1)], std::array<char *, (unsigned long)2>>(int, T2, T3)"
318229,318229,0,440,425,24030737.4,8027.5,6454,95343989,38218540.9,4927.6,3850.5,3254,31429,2898.6,24872572.2,2020.0,3,95336977,38616140.3,1191.1,1184.0,1120,1504,40.4,cudaLaunchKernel,"void at::native::vectorized_elementwise_kernel<(int)4, at::native::AUnaryFunctor<float, float, float, at::native::binary_internal::MulFunctor<float>>, std::array<char *, (unsigned long)2>>(int, T2, T3)"
318229,318229,0,220,213,24028534.0,8450.5,7260,95309126,38257802.5,4755.0,4494.0,3405,18973,2066.2,24811232.2,1980.0,95,95302222,38630600.6,2020.1,2016.0,1825,2176,69.2,cudaLaunchKernel,"void at::native::vectorized_elementwise_kernel<(int)4, at::native::sin_kernel_cuda(at::TensorIteratorBase &)::[lambda() (instance 2)]::operator ()() const::[lambda() (instance 2)]::operator ()() const::[lambda(float) (instance 1)], std::array<char *, (unsigned long)2>>(int, T2, T3)"
318229,318229,0,440,424,24016260.5,12049.5,8167,95280210,38191697.1,4681.0,4075.5,3500,21006,2221.5,24913183.2,2020.0,89,95268169,38615769.8,4390.1,4560.0,2720,6240,1571.3,cudaLaunchKernel,"void at::native::elementwise_kernel<(int)128, (int)4, void at::native::gpu_kernel_impl_nocast<at::native::BinaryFunctor<c10::BFloat16, c10::BFloat16, c10::BFloat16, at::native::binary_internal::MulFunctor<float>>>(at::TensorIteratorBase &, const T1 &)::[lambda(int) (instance 1)]>(int, T3)"
318229,318229,0,220,212,24015671.9,10221.5,8081,95254600,38235554.5,5274.5,4948.5,3681,26559,2664.4,24913372.9,1917.0,338,95245986,38661820.6,3000.9,3104.0,2560,3648,358.6,cudaLaunchKernel,"void at::native::elementwise_kernel<(int)128, (int)4, void at::native::gpu_kernel_impl_nocast<at::native::neg_kernel_cuda(at::TensorIteratorBase &)::[lambda() (instance 2)]::operator ()() const::[lambda() (instance 9)]::operator ()() const::[lambda(c10::BFloat16) (instance 1)]>(at::TensorIteratorBase &, const T1 &)::[lambda(int) (instance 1)]>(int, T3)"
318229,318229,0,220,213,24015519.9,15897.0,10051,95243355,38229628.5,5596.4,5542.5,3851,23310,2429.4,24792499.9,2109.0,5,95229314,38602289.8,6307.2,6303.5,4095,8704,2122.9,cudaLaunchKernel,"void at::native::<unnamed>::CatArrayBatchedCopy<at::native::<unnamed>::OpaqueType<(unsigned int)2>, unsigned int, (int)4, (int)64, (int)64>(T1 *, at::native::<unnamed>::CatArrInputTensorMetadata<T1, T2, T4, T5>, at::native::<unnamed>::TensorSizeStride<T2, (unsigned int)4>, int, T2)"
318229,318229,0,220,216,24006470.3,9469.0,6819,95223153,38223256.0,4682.5,4555.5,3253,20561,2158.7,24444050.4,2111.0,92,95215935,38435767.3,2198.8,2128.0,1504,3041,572.0,cudaLaunchKernel,"void at::native::vectorized_elementwise_kernel<(int)8, at::native::CUDAFunctor_add<c10::BFloat16>, std::array<char *, (unsigned long)3>>(int, T2, T3)"
318229,318229,0,220,213,24003868.3,9918.5,7360,95212769,38218390.2,5017.6,4584.0,3542,20445,2335.2,24784933.5,2130.0,103,95204383,38590835.5,2578.6,2623.5,1696,3552,832.7,cudaLaunchKernel,"void at::native::<unnamed>::CatArrayBatchedCopy_vectorized<at::native::<unnamed>::OpaqueType<(unsigned int)2>, unsigned int, (int)4, (int)128, (int)1, (int)16, (int)8>(char *, at::native::<unnamed>::CatArrInputTensorMetadata<T1, T2, T4, T5>, at::native::<unnamed>::TensorSizeStride<T2, (unsigned int)4>, int, T2)"
318229,318229,0,555,538,23957219.7,7940.0,6454,95321446,38155939.4,4579.5,3995.0,3248,25118,2328.4,24704865.2,2160.0,64,95315531,38513031.1,4529.8,1216.0,1120,19392,6645.1,cudaLaunchKernel,"void at::native::vectorized_elementwise_kernel<(int)8, at::native::bfloat16_copy_kernel_cuda(at::TensorIteratorBase &)::[lambda(float) (instance 1)], std::array<char *, (unsigned long)2>>(int, T2, T3)"
318229,318229,0,114,106,23131573.2,17875.0,17190,94971737,37791452.4,6935.8,5905.0,5324,31757,3421.8,24844992.2,1524.5,83,94955797,38651745.1,23271.3,10305.0,10048,380609,68217.3,cuLaunchKernelEx,nvjet_sm90_tst_192x192_64x4_2x1_v_bz_coopB_TNN
318460,319219,1,1,1,21272637.0,21272637.0,21272637,21272637,0.0,29140.0,29140.0,29140,29140,0.0,21233513.0,21233513.0,21233513,21233513,0.0,9984.0,9984.0,9984,9984,0.0,cudaLaunchKernel,"void transformer_engine::normalization::rmsnorm_bwd_general_kernel<transformer_engine::normalization::Kernel_traits<__nv_bfloat16, __nv_bfloat16, __nv_bfloat16, float, unsigned int, (unsigned int)4096, (unsigned int)1, (unsigned int)1, (unsigned int)4, (unsigned int)16, transformer_engine::normalization::Kernel_traits_base<(unsigned int)4096, __nv_bfloat16, __nv_bfloat16, __nv_bfloat16, float, unsigned int, (unsigned int)128>>, (bool)0>(transformer_engine::normalization::BackwardKernelParams)"
318460,319219,1,1,1,21248302.0,21248302.0,21248302,21248302,0.0,16006.0,16006.0,16006,16006,0.0,21211176.0,21211176.0,21211176,21211176,0.0,21120.0,21120.0,21120,21120,0.0,cudaLaunchKernel,"void transformer_engine::normalization::rmsnorm_bwd_finalize_general_kernel<__nv_bfloat16, float, (unsigned int)4, (unsigned int)1, (unsigned int)4, (unsigned int)32>(transformer_engine::normalization::BackwardKernelParams)"
318229,318229,0,4,4,16973866.8,40025.5,18394,67797022,33882109.3,12548.3,12392.5,11346,14062,1170.4,16954574.5,20833.0,392,67776240,33881115.8,6744.0,6720.0,6656,6880,95.6,cudaLaunchKernel,"void transformer_engine::normalization::rmsnorm_fwd_general_kernel<transformer_engine::normalization::Kernel_traits<__nv_bfloat16, __nv_bfloat16, __nv_bfloat16, float, unsigned int, (unsigned int)8192, (unsigned int)1, (unsigned int)1, (unsigned int)4, (unsigned int)16, transformer_engine::normalization::Kernel_traits_base<(unsigned int)8192, __nv_bfloat16, __nv_bfloat16, __nv_bfloat16, float, unsigned int, (unsigned int)128>>>(transformer_engine::normalization::ForwardKernelParams)"
318229,318229,0,4,4,16805260.8,15097.0,14591,67176258,33580664.8,11705.0,11501.5,10604,13213,1095.9,16790219.8,487.0,220,67159685,33579643.5,3336.0,3408.0,3008,3520,228.3,cudaLaunchKernel,"void at::native::unrolled_elementwise_kernel<at::native::direct_copy_kernel_cuda(at::TensorIteratorBase &)::[lambda() (instance 3)]::operator ()() const::[lambda() (instance 4)]::operator ()() const::[lambda(long) (instance 1)], std::array<char *, (unsigned long)2>, (int)4, TrivialOffsetCalculator<(int)1, unsigned int>, TrivialOffsetCalculator<(int)1, unsigned int>, at::native::memory::LoadWithCast<(int)1>, at::native::memory::StoreWithCast<(int)1>>(int, T1, T2, T4, T5, T6, T7)"
318229,318229,0,4,4,16795398.0,11968.0,10967,67146689,33567527.3,8238.8,8388.5,7680,8498,377.1,16784871.3,1281.5,1003,67135919,33567365.2,2288.0,2256.0,2240,2400,76.2,cudaLaunchKernel,"void at::native::reduce_kernel<(int)512, (int)1, at::native::ReduceOp<long, at::native::func_wrapper_t<long, at::native::sum_functor<long, long, long>::operator ()(at::TensorIterator &)::[lambda(long, long) (instance 1)]>, unsigned int, long, (int)4, (int)4>>(T3)"
318229,318229,0,4,4,16784192.0,11203.0,10329,67104033,33546560.7,10829.5,8470.0,7591,18787,5328.6,16771850.5,1384.5,955,67083678,33541218.3,1512.0,1504.0,1472,1568,48.0,cudaLaunchKernel,"void at::native::vectorized_elementwise_kernel<(int)2, at::native::<unnamed>::launch_clamp_scalar(at::TensorIteratorBase &, c10::Scalar, c10::Scalar, at::native::detail::ClampLimits)::[lambda() (instance 1)]::operator ()() const::[lambda() (instance 4)]::operator ()() const::[lambda(long) (instance 1)], std::array<char *, (unsigned long)2>>(int, T2, T3)"
318229,318229,0,171,164,15994963.5,16994.0,7066,94944363,33183242.6,6630.9,5776.0,3508,64283,4828.4,16646751.5,3412.5,7,94938071,33730334.9,23061.5,1568.0,992,609152,94617.6,cudaLaunchKernel,"void at::native::vectorized_elementwise_kernel<(int)4, at::native::FillFunctor<float>, std::array<char *, (unsigned long)1>>(int, T2, T3)"
318229,318229,0,7,5,9809422.0,104952.0,8767,66887715,25174773.9,16121.7,10158.0,6265,37416,12609.4,13709462.4,136058.0,1448,66879000,29728862.7,1101.7,1088.0,1088,1120,17.1,cudaLaunchKernel,"void at::native::vectorized_elementwise_kernel<(int)2, at::native::FillFunctor<long>, std::array<char *, (unsigned long)1>>(int, T2, T3)"
318229,318229,0,7,7,9589584.7,9694.0,8918,67063752,25343725.6,7700.4,6645.0,5976,11106,2125.5,9580458.0,1265.0,592,67056177,25344409.8,1426.3,1376.0,1344,1600,101.0,cudaLaunchKernel,"void at::native::vectorized_elementwise_kernel<(int)2, at::native::CUDAFunctorOnSelf_add<long>, std::array<char *, (unsigned long)2>>(int, T2, T3)"
318229,318229,0,1,1,7493641.0,7493641.0,7493641,7493641,0.0,18538.0,18538.0,18538,18538,0.0,7473631.0,7473631.0,7473631,7473631,0.0,1472.0,1472.0,1472,1472,0.0,cudaLaunchKernel,"void <unnamed>::elementwise_kernel_with_index<int, at::native::arange_cuda_out(const c10::Scalar &, const c10::Scalar &, const c10::Scalar &, at::Tensor &)::[lambda() (instance 1)]::operator ()() const::[lambda() (instance 7)]::operator ()() const::[lambda(long) (instance 1)]>(T1, T2, function_traits<T2>::result_type *)"
318229,318229,0,1,1,7443257.0,7443257.0,7443257,7443257,0.0,7297.0,7297.0,7297,7297,0.0,7434680.0,7434680.0,7434680,7434680,0.0,1280.0,1280.0,1280,1280,0.0,cudaLaunchKernel,"void at::native::vectorized_elementwise_kernel<(int)4, at::native::CUDAFunctorOnSelf_add<float>, std::array<char *, (unsigned long)2>>(int, T2, T3)"
318229,318229,0,1,1,7383061.0,7383061.0,7383061,7383061,0.0,9625.0,9625.0,9625,9625,0.0,7371676.0,7371676.0,7371676,7371676,0.0,1760.0,1760.0,1760,1760,0.0,cudaLaunchKernel,"void at::native::elementwise_kernel<(int)128, (int)2, void at::native::gpu_kernel_impl_nocast<at::native::BinaryFunctor<float, float, float, at::native::binary_internal::MulFunctor<float>>>(at::TensorIteratorBase &, const T1 &)::[lambda(int) (instance 1)]>(int, T3)"
318229,318229,0,1,1,7344521.0,7344521.0,7344521,7344521,0.0,10211.0,10211.0,10211,10211,0.0,7332678.0,7332678.0,7332678,7332678,0.0,1632.0,1632.0,1632,1632,0.0,cudaLaunchKernel,"void at::native::<unnamed>::CatArrayBatchedCopy_vectorized<at::native::<unnamed>::OpaqueType<(unsigned int)4>, unsigned int, (int)2, (int)128, (int)1, (int)16, (int)4>(char *, at::native::<unnamed>::CatArrInputTensorMetadata<T1, T2, T4, T5>, at::native::<unnamed>::TensorSizeStride<T2, (unsigned int)4>, int, T2)"
318460,319219,1,1,1,3744309.0,3744309.0,3744309,3744309,0.0,9651.0,9651.0,9651,9651,0.0,3677570.0,3677570.0,3677570,3677570,0.0,57088.0,57088.0,57088,57088,0.0,cudaLaunchKernel,"void at::native::<unnamed>::embedding_backward_feature_kernel<c10::BFloat16, float, long>(const T3 *, const T1 *, T1 *, int, long, int)"
318460,319219,1,1,1,3622839.0,3622839.0,3622839,3622839,0.0,9382.0,9382.0,9382,9382,0.0,3607666.0,3607666.0,3607666,3607666,0.0,5791.0,5791.0,5791,5791,0.0,cudaLaunchKernel,"void at::native::elementwise_kernel<(int)128, (int)4, void at::native::gpu_kernel_impl_nocast<at::native::<unnamed>::masked_fill_kernel(at::TensorIterator &, const c10::Scalar &)::[lambda() (instance 1)]::operator ()() const::[lambda() (instance 12)]::operator ()() const::[lambda(c10::BFloat16, bool) (instance 1)]>(at::TensorIteratorBase &, const T1 &)::[lambda(int) (instance 1)]>(int, T3)"
318460,319219,1,105,101,2949530.7,1793615.0,46195,22503834,3814223.1,13711.9,12695.0,11084,44378,4338.6,1384995.3,554855.0,13,13083305,2496140.7,1603676.3,1145765.0,32128,22469703,2648763.4,cuLaunchKernelEx,ncclDevKernel_AllReduce_Sum_bf16_RING_LL(ncclDevKernelArgsStorage<(unsigned long)4096>)
318460,319219,1,27,27,2810647.4,1157247.0,28239,19590526,4506917.8,9917.0,8279.0,7694,35519,5456.4,2781766.2,1130503.0,416,19535807,4503211.3,18964.2,18752.0,18112,20640,607.2,cuLaunchKernelEx,nvjet_sm90_tst_144x128_64x6_1x2_h_bz_TNN
318460,319219,1,106,103,2569889.1,1188757.5,10251,20064918,4012427.2,7398.4,7701.0,3829,32004,3621.0,2630567.9,1187423.0,991,20025202,4044938.2,6382.8,6351.5,3936,9791,2143.8,cudaLaunchKernel,"void at::native::<unnamed>::vectorized_layer_norm_kernel<c10::BFloat16, float, (bool)1>(int, T2, const T1 *, const T1 *, const T1 *, T2 *, T2 *, T1 *)"
318460,319219,1,53,53,2493551.8,868898.0,8625,18791956,4320601.3,6262.8,5729.0,4492,20811,2650.0,2485088.8,860420.0,1083,18768361,4318981.2,2200.2,2272.0,1952,2784,186.1,cudaLaunchKernel,"void at::native::vectorized_elementwise_kernel<(int)4, at::native::cos_kernel_cuda(at::TensorIteratorBase &)::[lambda() (instance 2)]::operator ()() const::[lambda() (instance 2)]::operator ()() const::[lambda(float) (instance 1)], std::array<char *, (unsigned long)2>>(int, T2, T3)"
318460,319219,1,51,51,2441386.1,811727.0,8204,18571307,4346604.1,5559.0,5092.0,4092,18475,2475.0,2433829.3,804607.0,78,18550368,4345121.2,1997.8,1985.0,1888,2464,85.2,cudaLaunchKernel,"void at::native::vectorized_elementwise_kernel<(int)4, at::native::sin_kernel_cuda(at::TensorIteratorBase &)::[lambda() (instance 2)]::operator ()() const::[lambda() (instance 2)]::operator ()() const::[lambda(float) (instance 1)], std::array<char *, (unsigned long)2>>(int, T2, T3)"
318460,319219,1,158,158,2438782.7,825019.5,7295,21851119,4253586.8,5093.3,4684.0,3687,21199,2134.3,2426757.0,819209.0,1604,21826623,4252485.5,6932.5,1216.0,1120,19264,7967.2,cudaLaunchKernel,"void at::native::vectorized_elementwise_kernel<(int)8, at::native::bfloat16_copy_kernel_cuda(at::TensorIteratorBase &)::[lambda(float) (instance 1)], std::array<char *, (unsigned long)2>>(int, T2, T3)"
318460,319219,1,104,103,2402901.6,815699.5,7315,18710769,4301261.2,5365.0,4475.5,3874,17758,2370.7,2419610.4,825299.0,185,18691379,4314563.7,1203.1,1185.0,1120,1632,59.6,cudaLaunchKernel,"void at::native::vectorized_elementwise_kernel<(int)4, at::native::AUnaryFunctor<float, float, float, at::native::binary_internal::MulFunctor<float>>, std::array<char *, (unsigned long)2>>(int, T2, T3)"
318460,319219,1,56,55,2379209.5,1073159.5,31964,21999193,4220896.0,7837.4,6636.0,6077,39124,4853.6,2388815.6,1058506.0,1259,21953189,4245643.0,25219.6,25536.0,6880,27968,2999.5,cudaLaunchKernel,"void at::native::unrolled_elementwise_kernel<at::native::direct_copy_kernel_cuda(at::TensorIteratorBase &)::[lambda() (instance 3)]::operator ()() const::[lambda() (instance 7)]::operator ()() const::[lambda(float) (instance 1)], std::array<char *, (unsigned long)2>, (int)4, TrivialOffsetCalculator<(int)1, unsigned int>, TrivialOffsetCalculator<(int)1, unsigned int>, at::native::memory::LoadWithCast<(int)1>, at::native::memory::StoreWithCast<(int)1>>(int, T1, T2, T4, T5, T6, T7)"
318460,319219,1,51,50,2311019.6,1532943.0,14346,14309876,2731920.0,10787.0,9855.0,8921,36913,4062.6,2341363.7,1533683.0,860,14289575,2739681.8,4839.6,4768.0,4480,5312,205.6,cuLaunchKernel,triton_poi_fused_add_0
318460,319219,1,162,162,2224017.5,816240.5,9466,19295211,3901494.0,6081.2,5364.5,4426,26153,2468.3,2213597.6,806937.5,179,19264130,3900004.7,4338.8,4640.0,2368,5792,963.7,cudaLaunchKernel,"void at::native::elementwise_kernel<(int)128, (int)4, void at::native::gpu_kernel_impl_nocast<at::native::direct_copy_kernel_cuda(at::TensorIteratorBase &)::[lambda() (instance 3)]::operator ()() const::[lambda() (instance 12)]::operator ()() const::[lambda(c10::BFloat16) (instance 1)]>(at::TensorIteratorBase &, const T1 &)::[lambda(int) (instance 1)]>(int, T3)"
318460,319219,1,54,54,2147342.8,1163846.0,40589,15782159,3285367.9,6729.8,6140.5,5317,21765,2507.2,2106935.8,1123800.5,934,15727050,3284150.7,33677.2,33408.0,33088,34593,491.9,cudaLaunchKernel,"void at::native::elementwise_kernel<(int)128, (int)2, void at::native::gpu_kernel_impl_nocast<at::native::<unnamed>::masked_fill_kernel(at::TensorIterator &, const c10::Scalar &)::[lambda() (instance 1)]::operator ()() const::[lambda() (instance 7)]::operator ()() const::[lambda(float, bool) (instance 1)]>(at::TensorIteratorBase &, const T1 &)::[lambda(int) (instance 1)]>(int, T3)"
318460,319219,1,27,27,2143444.9,1383333.0,55040,9551413,2462841.2,6019.3,5742.0,5046,11351,1149.6,2098514.7,1337459.0,5545,9506299,2462998.8,38910.9,38656.0,38144,40512,679.0,cudaLaunchKernel,"void <unnamed>::softmax_warp_backward<float, float, float, (int)10, (bool)0, (bool)0>(T2 *, const T1 *, const T1 *, int, int, int, const bool *)"
318460,319219,1,81,81,2142889.7,1319323.0,18412,15014311,2997528.5,7463.2,7634.0,4463,28541,3044.8,2124263.3,1298635.0,1246,14977003,2996482.1,11163.2,9376.0,8064,16416,3091.2,cuLaunchKernelEx,nvjet_sm90_tst_128x96_64x7_1x2_h_bz_NNT
318460,319219,1,27,27,2141203.7,397292.0,10441,15888192,4009873.0,6650.4,5231.0,4988,18808,3344.6,2131117.5,388828.0,1268,15865480,4008214.7,3435.9,3424.0,3328,3904,108.0,cudaLaunchKernel,"void at::native::triu_tril_kernel<float, int, (bool)1, (int)2, (bool)0>(at::cuda::detail::TensorInfo<T1, T2>, at::cuda::detail::TensorInfo<const T1, T2>, long, long, T2)"
318460,319219,1,28,27,2135343.5,1437418.0,19996,9979011,2540469.5,6332.9,5914.0,5193,15608,1916.1,2194273.5,1445087.0,1337,9959773,2554385.3,13134.8,13088.0,12832,13760,206.1,cuLaunchKernelEx,nvjet_sm90_tst_128x160_64x5_2x1_v_bz_NTT
318460,319219,1,27,27,2128388.6,384919.0,10166,15827675,4002203.0,5949.7,5492.0,4960,16985,2271.4,2119166.5,375988.0,1117,15807394,4000714.9,3272.3,3264.0,3231,3328,24.5,cudaLaunchKernel,"void at::native::unrolled_elementwise_kernel<at::native::direct_copy_kernel_cuda(at::TensorIteratorBase &)::[lambda() (instance 3)]::operator ()() const::[lambda() (instance 11)]::operator ()() const::[lambda(bool) (instance 1)], std::array<char *, (unsigned long)2>, (int)4, TrivialOffsetCalculator<(int)1, unsigned int>, TrivialOffsetCalculator<(int)1, unsigned int>, at::native::memory::LoadWithCast<(int)1>, at::native::memory::StoreWithCast<(int)1>>(int, T1, T2, T4, T5, T6, T7)"
318460,319219,1,27,27,2121682.8,380596.0,38101,15614697,3970597.9,7289.5,6319.0,5766,20714,3162.3,2084137.7,344019.0,1341,15562847,3968775.5,30255.6,30176.0,29664,31136,385.6,cudaLaunchKernel,"void <unnamed>::softmax_warp_forward<float, float, float, (int)10, (bool)0, (bool)0>(T2 *, const T1 *, int, int, int, const bool *, int, bool)"
318460,319219,1,106,106,2120260.4,959403.5,8974,18309070,3442558.1,5623.1,5304.0,4212,36604,3259.1,2111717.4,951544.0,760,18268754,3440831.6,2919.9,2912.5,2624,3712,245.0,cudaLaunchKernel,"void at::native::elementwise_kernel<(int)128, (int)4, void at::native::gpu_kernel_impl_nocast<at::native::neg_kernel_cuda(at::TensorIteratorBase &)::[lambda() (instance 2)]::operator ()() const::[lambda() (instance 9)]::operator ()() const::[lambda(c10::BFloat16) (instance 1)]>(at::TensorIteratorBase &, const T1 &)::[lambda(int) (instance 1)]>(int, T3)"
318460,319219,1,217,215,2115191.1,1462264.0,9286,20794794,2719430.0,6982.1,6014.0,4340,29521,2691.7,2099390.7,1420804.0,659,20760025,2723751.1,28179.3,6464.0,1600,108289,34130.5,cudaLaunchKernel,"void at::native::unrolled_elementwise_kernel<at::native::CUDAFunctor_add<float>, std::array<char *, (unsigned long)3>, (int)4, TrivialOffsetCalculator<(int)2, unsigned int>, TrivialOffsetCalculator<(int)1, unsigned int>, at::native::memory::LoadWithCast<(int)2>, at::native::memory::StoreWithCast<(int)1>>(int, T1, T2, T4, T5, T6, T7)"
318460,319219,1,106,106,2110364.2,947159.5,11036,18213242,3434850.7,5833.7,5685.0,4360,24171,2193.5,2098206.4,935849.0,238,18180527,3433755.1,6324.2,6320.0,4128,8609,2098.5,cudaLaunchKernel,"void at::native::<unnamed>::CatArrayBatchedCopy<at::native::<unnamed>::OpaqueType<(unsigned int)2>, unsigned int, (int)4, (int)64, (int)64>(T1 *, at::native::<unnamed>::CatArrInputTensorMetadata<T1, T2, T4, T5>, at::native::<unnamed>::TensorSizeStride<T2, (unsigned int)4>, int, T2)"
318460,319219,1,213,213,2106619.3,942230.0,9039,18411923,3415055.8,4907.3,4524.0,3987,21271,1718.2,2097225.4,931880.0,408,18390838,3414074.9,4486.6,3808.0,2752,6496,1453.0,cudaLaunchKernel,"void at::native::elementwise_kernel<(int)128, (int)4, void at::native::gpu_kernel_impl_nocast<at::native::BinaryFunctor<c10::BFloat16, c10::BFloat16, c10::BFloat16, at::native::binary_internal::MulFunctor<float>>>(at::TensorIteratorBase &, const T1 &)::[lambda(int) (instance 1)]>(int, T3)"
318460,319219,1,189,189,2096230.9,1096617.0,7619,18090166,3046654.0,4932.7,4829.0,3787,20749,1525.5,2086759.0,1088629.0,1122,18066313,3044691.1,4539.3,2239.0,1440,382754,27677.8,cudaLaunchKernel,"void at::native::vectorized_elementwise_kernel<(int)8, at::native::CUDAFunctor_add<c10::BFloat16>, std::array<char *, (unsigned long)3>>(int, T2, T3)"
318460,319219,1,54,54,2090478.9,1332049.0,10780,9510996,2433820.3,4806.1,4729.5,3921,10282,1026.7,2083494.4,1325551.5,1164,9501574,2433859.5,2178.4,2208.0,2080,2368,68.1,cudaLaunchKernel,"void at::native::vectorized_elementwise_kernel<(int)8, at::native::AUnaryFunctor<c10::BFloat16, c10::BFloat16, c10::BFloat16, at::native::binary_internal::MulFunctor<float>>, std::array<char *, (unsigned long)2>>(int, T2, T3)"
318460,319219,1,27,27,2088735.9,1330168.0,20887,9496027,2456596.5,5460.7,4760.0,4426,13377,1943.0,2075768.1,1317568.0,246,9483897,2457025.7,7507.0,7456.0,7232,8191,244.1,cuLaunchKernelEx,nvjet_sm90_tst_96x128_64x6_2x1_v_bz_NTN
318460,319219,1,28,27,2072839.4,1355719.0,21800,9896994,2523084.2,6058.8,5640.0,5114,15437,1884.3,2127844.4,1358014.0,1739,9875948,2538264.9,14942.9,14896.5,14241,16160,454.8,cuLaunchKernelEx,nvjet_sm90_tst_128x96_64x6_1x2_h_bz_NTT
318460,319219,1,28,28,2040652.8,1329056.5,48774,9520090,2447969.1,6646.5,6192.5,5731,12162,1544.1,1994078.1,1283515.5,503,9474855,2447706.7,39928.2,39904.0,39105,40736,447.1,cudaLaunchKernel,"void at::native::vectorized_elementwise_kernel<(int)4, at::native::BinaryFunctor<float, float, float, at::native::binary_internal::MulFunctor<float>>, std::array<char *, (unsigned long)3>>(int, T2, T3)"
318460,319219,1,55,55,2039356.4,1076831.0,17986,16158652,3310023.1,6359.8,6212.0,4543,22631,2544.6,2022275.9,1060584.0,873,16124821,3308836.3,10720.7,10816.0,10176,11584,433.7,cuLaunchKernelEx,nvjet_sm90_tst_192x192_64x4_2x1_v_bz_coopB_TNN
318460,319219,1,27,26,2031082.0,1260278.0,15567,9415733,2442951.7,6625.4,6212.0,5785,15788,1885.0,2094704.4,1257746.0,1767,9401796,2457207.7,7445.3,7392.0,6944,7839,238.3,cudaLaunchKernel,"void at::native::reduce_kernel<(int)128, (int)4, at::native::ReduceOp<c10::BFloat16, at::native::func_wrapper_t<c10::BFloat16, at::native::sum_functor<c10::BFloat16, float, c10::BFloat16>::operator ()(at::TensorIterator &)::[lambda(float, float) (instance 1)]>, unsigned int, c10::BFloat16, (int)4, (int)8>>(T3)"
318460,319219,1,27,27,2012521.3,1234721.0,20610,9391618,2437190.9,5405.9,5246.0,4620,7092,570.3,1993166.9,1215521.0,300,9372247,2437241.9,13948.6,13984.0,13471,14304,248.0,cudaLaunchKernel,"void at::native::reduce_kernel<(int)512, (int)1, at::native::ReduceOp<c10::BFloat16, at::native::func_wrapper_t<c10::BFloat16, at::native::sum_functor<c10::BFloat16, float, c10::BFloat16>::operator ()(at::TensorIterator &)::[lambda(float, float) (instance 1)]>, unsigned int, c10::BFloat16, (int)4, (int)8>>(T3)"
318460,319219,1,80,80,2001648.9,744497.0,8136,18023969,3588577.3,5928.6,5455.0,4397,20854,2283.4,1992550.6,736787.0,47,17999691,3587404.9,3169.6,3392.0,1664,4512,1111.9,cudaLaunchKernel,"void at::native::<unnamed>::CatArrayBatchedCopy_vectorized<at::native::<unnamed>::OpaqueType<(unsigned int)2>, unsigned int, (int)4, (int)128, (int)1, (int)16, (int)8>(char *, at::native::<unnamed>::CatArrInputTensorMetadata<T1, T2, T4, T5>, at::native::<unnamed>::TensorSizeStride<T2, (unsigned int)4>, int, T2)"
318460,319219,1,25,24,1911778.4,1300717.0,64486,9926631,2127537.2,8755.0,8157.0,7394,14133,1653.6,1924598.8,1242543.5,1084,9863561,2137878.1,55424.2,55456.0,54560,56320,367.4,cuLaunchKernelEx,nvjet_sm90_tst_256x128_64x4_1x2_h_bz_coopA_TNT
318460,319219,1,28,27,1899089.5,379050.0,10394,15952835,3939342.0,6782.3,5829.5,5046,20250,3254.2,1960815.2,371556.0,1654,15935837,3995691.8,1560.0,1552.0,1088,1760,111.4,cudaLaunchKernel,"void at::native::vectorized_elementwise_kernel<(int)4, at::native::FillFunctor<float>, std::array<char *, (unsigned long)1>>(int, T2, T3)"
318460,319219,1,55,55,1894197.3,1053326.0,8177,9253037,2372201.6,5235.8,5098.0,3885,13338,1545.3,1885234.9,1045454.0,1006,9245996,2370558.6,3726.5,1919.0,1216,119616,15919.6,cudaLaunchKernel,"void at::native::vectorized_elementwise_kernel<(int)8, at::native::FillFunctor<c10::BFloat16>, std::array<char *, (unsigned long)1>>(int, T2, T3)"
318460,319219,1,108,108,1883757.0,1377029.5,12691,13553054,2337113.3,5136.1,5210.0,3730,8789,862.7,1866702.0,1367307.5,2062,13543791,2338329.3,11918.9,8656.5,4096,29472,10186.6,cudaLaunchKernel,"void at::native::<unnamed>::GammaBetaBackwardCUDAKernelTemplate<c10::BFloat16, float, (unsigned int)32, (unsigned int)32, (unsigned int)256, (bool)0, (bool)1, (bool)1>(long, long, const T1 *, const T1 *, const T2 *, const T2 *, T1 *, T1 *)"
318460,319219,1,108,108,1877736.7,1379051.5,11068,13553892,2338380.4,5989.2,5878.5,4263,15598,1752.9,1863388.6,1362345.0,1770,13538061,2337923.9,8358.9,9872.0,3840,11169,2614.6,cudaLaunchKernel,"void at::native::<unnamed>::layer_norm_grad_input_kernel_vectorized<c10::BFloat16, float, (bool)1>(const T1 *, const T1 *, const T2 *, const T2 *, const T1 *, T1 *, int)"
318460,319219,1,51,50,1870430.0,975564.0,22530,14540564,3113126.7,8275.8,7609.0,6712,25280,3085.1,1877498.9,970534.0,724,14501268,3132392.1,21491.5,14720.0,13823,29952,7596.0,cuLaunchKernelEx,nvjet_sm90_tst_128x128_64x6_4x2_h_bz_TNT
318460,319219,1,27,27,1833062.1,1011109.0,12577,9167170,2396540.9,5116.5,4877.0,4467,8487,923.5,1821858.4,996573.0,1549,9156127,2396423.0,6087.3,6080.0,5953,6208,64.1,cudaLaunchKernel,"void at::native::elementwise_kernel<(int)128, (int)4, void at::native::gpu_kernel_impl_nocast<at::native::CUDAFunctor_add<c10::BFloat16>>(at::TensorIteratorBase &, const T1 &)::[lambda(int) (instance 1)]>(int, T3)"
318460,319219,1,26,25,1819771.4,1279363.5,40342,9839348,2104961.0,11811.7,11315.5,10048,18780,2042.2,1850662.2,1251983.0,461,9795850,2116138.6,28485.2,28448.5,28064,28896,197.7,cuLaunchKernelEx,nvjet_sm90_tst_128x256_64x4_4x1_v_bz_coopA_NNN
318460,319219,1,25,24,1817371.0,1197433.0,14151,9824853,2116842.7,7535.5,6406.0,5803,29227,4629.4,1878564.7,1189947.5,1745,9811710,2128830.6,6497.4,6527.0,6144,6944,174.4,cuLaunchKernel,triton_poi_fused_mul_silu_split_0
318460,319219,1,26,23,1793141.5,1246995.0,36593,9802014,2098102.7,7907.9,7091.0,6481,17511,2355.9,1985552.1,1255336.0,951,9765908,2128053.7,29042.7,29039.5,28896,29377,112.8,cuLaunchKernelEx,nvjet_sm90_tst_256x128_64x4_1x2_h_bz_coopA_NTT
318229,318229,0,6,5,1696533.0,601812.0,130801,7449529,2832162.7,10318.0,6942.5,6259,20306,5871.1,389101.6,581501.0,427,590349,277898.1,1362170.5,166479.5,6272,7430464,2976462.3,cuLaunchKernelEx,ncclDevKernel_AllGather_RING_LL(ncclDevKernelArgsStorage<(unsigned long)4096>)
318460,319219,1,26,24,1694889.3,1121766.5,25524,9683947,2077209.8,7897.4,7137.5,6527,23040,3178.4,1805949.7,1119118.5,1547,9656865,2104209.7,20012.5,20592.5,16480,21792,1752.0,cuLaunchKernel,triton_poi_fused_add_cat_mul_rsub_sigmoid_silu_split_0
318460,319219,1,53,51,1580861.3,995911.0,26307,9655418,1989929.4,7924.7,7453.0,6188,18520,2157.5,1600068.4,998773.0,1059,9597495,2004498.0,33281.9,19072.0,18112,49728,15338.9,cuLaunchKernelEx,nvjet_sm90_tst_128x128_64x6_4x2_h_bz_NNT
318460,319219,1,29,28,1407142.1,291617.0,29376,12291953,2767508.5,9101.0,8943.0,7469,16038,1512.7,1412114.3,263161.5,454,12242972,2803039.0,34658.3,39232.0,20000,39840,8259.0,cuLaunchKernelEx,nvjet_sm90_tst_256x128_64x4_2x4_h_bz_coopA_NTT
318460,319219,1,27,25,1215055.8,642182.0,66678,9231959,1940715.1,10199.4,8425.0,7687,44789,7043.4,1208953.2,576278.0,870,9143827,1996127.1,85758.1,77760.0,57089,393986,62123.4,cuLaunchKernelEx,nvjet_sm90_tst_320x128_64x3_1x2_h_bz_coopB_NTT
318460,318460,1,121,109,772920.1,49872.0,45443,15998786,2485630.4,13197.8,12504.0,10991,26880,2380.4,420080.1,863.0,58,15017137,2373049.8,381431.4,36352.0,33216,2125898,497080.0,cuLaunchKernelEx,ncclDevKernel_AllReduce_Sum_bf16_RING_LL(ncclDevKernelArgsStorage<(unsigned long)4096>)
318460,318460,1,61,56,735667.4,65672.0,64415,15599657,2775823.2,8133.1,7953.0,7067,11447,830.5,731377.0,1242.5,306,15536597,2891806.1,56209.1,56224.0,55520,56769,308.0,cuLaunchKernelEx,nvjet_sm90_tst_256x128_64x4_1x2_h_bz_coopA_TNT
318460,318460,1,61,58,668105.9,14779.0,13777,15501342,2768392.6,6620.6,6165.0,5578,14628,1505.7,688938.9,1949.0,1545,15489299,2836303.9,6437.8,6400.0,6144,6912,184.6,cuLaunchKernel,triton_poi_fused_mul_silu_split_0
318460,318460,1,120,117,659872.9,16228.5,13809,15784437,2464229.5,9944.1,9537.0,8233,23029,1621.8,661535.8,1199.0,348,15769723,2493643.6,4987.7,4960.0,4672,5696,210.1,cuLaunchKernel,triton_poi_fused_add_0
318229,318229,0,4,4,659589.3,737792.5,420794,741978,159210.5,9056.3,8441.5,8365,10977,1282.2,240133.0,318334.5,921,322942,159489.5,410400.0,410464.0,408896,411776,1179.2,cudaLaunchKernel,"<unnamed>::linear_logp_probs_bf16_forward_kernel(const __nv_bfloat16 *, const int *, float *, float *, float *, __nv_bfloat16 *, int, int, long, long, int)"
318229,318229,0,3,3,639514.0,514632.0,508437,895473,221688.6,8814.7,9027.0,8305,9112,443.4,626827.3,501712.0,495570,883200,222046.5,3872.0,3840.0,3808,3968,84.7,cudaLaunchKernel,"void at::native::reduce_kernel<(int)128, (int)4, at::native::ReduceOp<float, at::native::func_wrapper_t<float, at::native::MaxNanFunctor<float>>, unsigned int, float, (int)4, (int)4>>(T3)"
318460,318460,1,3,3,631125.3,9104.0,7672,1876600,1078612.9,6804.0,6747.0,4505,9160,2328.0,623265.3,2079.0,1269,1866448,1076627.8,1056.0,1088.0,992,1088,55.4,cudaLaunchKernel,"void at::native::vectorized_elementwise_kernel<(int)4, at::native::FillFunctor<int>, std::array<char *, (unsigned long)1>>(int, T2, T3)"
318229,318229,0,3,3,608374.0,483034.0,477064,865024,222285.5,7547.3,7561.0,7440,7641,101.2,599525.3,474081.0,468191,856304,222396.3,1301.3,1312.0,1280,1312,18.5,cudaLaunchKernel,"void at::native::vectorized_elementwise_kernel<(int)4, at::native::AbsFunctor<float>, std::array<char *, (unsigned long)2>>(int, T2, T3)"
318229,318229,0,4,4,607044.0,700183.0,322412,705398,189773.1,8229.5,7455.5,7412,10595,1577.3,597382.5,691404.0,310121,696601,191525.8,1432.0,1360.0,1312,1696,177.9,cudaLaunchKernel,"void at::native::<unnamed>::CatArrayBatchedCopy_vectorized<at::native::<unnamed>::OpaqueType<(unsigned int)4>, unsigned int, (int)1, (int)128, (int)1, (int)16, (int)4>(char *, at::native::<unnamed>::CatArrInputTensorMetadata<T1, T2, T4, T5>, at::native::<unnamed>::TensorSizeStride<T2, (unsigned int)4>, int, T2)"
318460,318460,1,122,117,593010.7,35739.0,21855,15442575,2676154.4,7615.1,7451.5,6346,11478,869.3,588415.3,1370.0,591,15406187,2730133.6,21120.4,20864.5,13824,30144,7061.5,cuLaunchKernelEx,nvjet_sm90_tst_128x128_64x6_4x2_h_bz_TNT
318229,318229,0,3,3,585151.3,459578.0,452952,842924,223262.3,7673.0,7664.0,7475,7880,202.6,576134.3,450759.0,443944,833700,223084.4,1344.0,1344.0,1344,1344,0.0,cudaLaunchKernel,"void at::native::vectorized_elementwise_kernel<(int)4, at::native::AUnaryFunctor<float, float, bool, at::native::<unnamed>::CompareEqFunctor<float>>, std::array<char *, (unsigned long)2>>(int, T2, T3)"
318229,318229,0,3,3,572473.3,446911.0,440470,830039,223081.7,6785.3,6724.0,6716,6916,113.2,564077.3,438691.0,431858,821683,223119.2,1610.7,1632.0,1504,1696,97.8,cudaLaunchKernel,"void at::native::vectorized_elementwise_kernel<(int)4, at::native::<unnamed>::masked_fill_kernel(at::TensorIterator &, const c10::Scalar &)::[lambda() (instance 1)]::operator ()() const::[lambda() (instance 7)]::operator ()() const::[lambda(float, bool) (instance 1)], std::array<char *, (unsigned long)3>>(int, T2, T3)"
318460,318460,1,60,60,569576.3,37414.5,36437,14891398,2680068.2,6149.9,5942.5,5562,9832,689.5,534019.3,2051.0,516,14856179,2680077.8,29407.2,29313.0,28705,30752,414.1,cudaLaunchKernel,"void <unnamed>::softmax_warp_forward<float, float, float, (int)10, (bool)0, (bool)0>(T2 *, const T1 *, int, int, int, const bool *, int, bool)"
318229,318229,0,3,3,551481.0,428223.0,414481,811739,225494.7,6173.0,6177.0,5964,6378,207.0,543729.3,420414.0,406567,804207,225686.5,1578.7,1568.0,1536,1632,48.9,cudaLaunchKernel,"void at::native::elementwise_kernel<(int)128, (int)2, void at::native::gpu_kernel_impl_nocast<at::native::CUDAFunctor_add<float>>(at::TensorIteratorBase &, const T1 &)::[lambda(int) (instance 1)]>(int, T3)"
318460,318460,1,60,59,538576.1,18360.5,17360,14745548,2657441.4,8278.2,8199.5,7432,10624,621.8,530427.8,1470.0,144,14728796,2679329.5,8723.2,8688.5,8416,9152,154.1,cuLaunchKernelEx,nvjet_sm90_tst_128x96_64x7_1x2_h_bz_NNT
318229,318229,0,3,3,538516.3,415911.0,400177,799461,226121.6,7466.3,6976.0,6792,8631,1012.8,529471.3,405648.0,391697,791069,226657.6,1578.7,1600.0,1504,1632,66.6,cudaLaunchKernel,"void at::native::vectorized_elementwise_kernel<(int)4, at::native::exp_kernel_cuda(at::TensorIteratorBase &)::[lambda() (instance 2)]::operator ()() const::[lambda() (instance 2)]::operator ()() const::[lambda(float) (instance 1)], std::array<char *, (unsigned long)2>>(int, T2, T3)"
318460,318460,1,236,231,509234.8,16623.5,9754,15653235,2238685.8,7294.2,7809.5,3742,19253,2637.9,506863.0,1966.0,159,15640469,2261678.2,5863.2,4960.0,3905,9793,2134.6,cudaLaunchKernel,"void at::native::<unnamed>::vectorized_layer_norm_kernel<c10::BFloat16, float, (bool)1>(int, T2, const T1 *, const T1 *, const T1 *, T2 *, T2 *, T1 *)"
318229,318229,0,3,3,508928.7,384912.0,372206,769668,225896.2,8738.7,8632.0,8528,9056,279.7,498440.7,374656.0,361846,758820,225586.1,1749.3,1728.0,1728,1792,37.0,cudaLaunchKernel,"void at::native::vectorized_elementwise_kernel<(int)4, at::native::log_kernel_cuda(at::TensorIteratorBase &)::[lambda() (instance 2)]::operator ()() const::[lambda() (instance 2)]::operator ()() const::[lambda(float) (instance 1)], std::array<char *, (unsigned long)2>>(int, T2, T3)"
318229,318229,0,6,6,497270.3,391700.5,335485,782047,203878.1,5506.7,5369.5,4040,7243,1605.8,488723.7,380577.0,329469,771244,203593.8,3040.0,2912.0,1952,4320,1128.5,cudaLaunchKernel,"void at::native::reduce_kernel<(int)128, (int)4, at::native::ReduceOp<float, at::native::func_wrapper_t<float, at::native::sum_functor<float, float, float>::operator ()(at::TensorIterator &)::[lambda(float, float) (instance 1)]>, unsigned int, float, (int)4, (int)4>>(T3)"
318229,318229,0,6,6,477848.8,366096.0,321869,756882,203316.5,4374.5,4371.5,3439,5469,937.2,472162.3,359479.0,316851,750533,203335.6,1312.0,1312.0,1312,1312,0.0,cudaLaunchKernel,"void at::native::vectorized_elementwise_kernel<(int)4, at::native::CUDAFunctor_add<float>, std::array<char *, (unsigned long)3>>(int, T2, T3)"
318460,318460,1,3,3,470118.0,10471.0,10352,1389531,796235.0,9235.7,8120.0,7687,11900,2317.5,459783.3,1663.0,1144,1376543,793937.2,1099.0,1088.0,1088,1121,19.1,cudaLaunchKernel,"void at::native::vectorized_elementwise_kernel<(int)2, at::native::FillFunctor<long>, std::array<char *, (unsigned long)1>>(int, T2, T3)"
318460,318460,1,58,55,457922.8,29525.0,27598,15477113,2035698.1,8992.6,8817.0,7965,13122,876.4,453227.0,1046.0,430,15450225,2089068.7,19236.5,19024.0,18176,21568,719.3,cuLaunchKernelEx,nvjet_sm90_tst_144x128_64x6_1x2_h_bz_TNN
318460,318460,1,1,1,419929.0,419929.0,419929,419929,0.0,11878.0,11878.0,11878,11878,0.0,753.0,753.0,753,753,0.0,407298.0,407298.0,407298,407298,0.0,cudaLaunchKernel,"<unnamed>::linear_logp_probs_bf16_forward_kernel(const __nv_bfloat16 *, const int *, float *, float *, float *, __nv_bfloat16 *, int, int, long, long, int)"
318460,318460,1,293,289,401482.7,12708.0,9059,15406750,2129739.8,6034.3,5300.0,4217,35424,2367.4,396464.4,1866.0,112,15393392,2143973.3,4402.2,4640.0,2399,5632,1035.6,cudaLaunchKernel,"void at::native::elementwise_kernel<(int)128, (int)4, void at::native::gpu_kernel_impl_nocast<at::native::direct_copy_kernel_cuda(at::TensorIteratorBase &)::[lambda() (instance 3)]::operator ()() const::[lambda() (instance 12)]::operator ()() const::[lambda(c10::BFloat16) (instance 1)]>(at::TensorIteratorBase &, const T1 &)::[lambda(int) (instance 1)]>(int, T3)"
318460,318460,1,294,293,398225.9,8139.5,7022,15257872,2132104.6,4754.7,4526.5,3618,20881,1221.1,390078.1,2270.0,138,15251422,2135428.1,4720.3,1216.0,1151,19456,6947.7,cudaLaunchKernel,"void at::native::vectorized_elementwise_kernel<(int)8, at::native::bfloat16_copy_kernel_cuda(at::TensorIteratorBase &)::[lambda(float) (instance 1)], std::array<char *, (unsigned long)2>>(int, T2, T3)"
318460,318460,1,62,61,388387.2,11281.5,9034,14850834,1916285.5,6994.0,6053.0,4836,58859,6745.1,346342.9,3699.0,2071,14844008,1914014.9,40706.7,1504.0,1472,610050,150428.5,cudaLaunchKernel,"void at::native::vectorized_elementwise_kernel<(int)4, at::native::FillFunctor<float>, std::array<char *, (unsigned long)1>>(int, T2, T3)"
318460,319219,1,1,0,386288.0,386288.0,386288,386288,0.0,52005.0,52005.0,52005,52005,0.0,,,,,0.0,352482.0,352482.0,352482,352482,0.0,cuLaunchKernelEx,nvjet_sm90_tst_128x256_64x4_4x1_v_bz_coopA_splitK_NNN
318460,318460,1,116,116,370053.0,9902.0,8473,15300958,1991300.7,5760.4,5855.0,4470,19399,1475.1,362119.7,1942.0,168,15292629,1991342.1,2173.0,2176.0,1952,2624,169.0,cudaLaunchKernel,"void at::native::vectorized_elementwise_kernel<(int)4, at::native::cos_kernel_cuda(at::TensorIteratorBase &)::[lambda() (instance 2)]::operator ()() const::[lambda() (instance 2)]::operator ()() const::[lambda(float) (instance 1)], std::array<char *, (unsigned long)2>>(int, T2, T3)"
318460,318460,1,232,231,360314.5,7856.0,6961,15280587,1982145.7,4862.5,4440.0,3704,11390,1017.8,355785.3,2142.0,58,15273510,1986294.3,1201.1,1199.5,1120,1408,52.5,cudaLaunchKernel,"void at::native::vectorized_elementwise_kernel<(int)4, at::native::AUnaryFunctor<float, float, float, at::native::binary_internal::MulFunctor<float>>, std::array<char *, (unsigned long)2>>(int, T2, T3)"
318460,318460,1,116,116,359183.4,9354.5,7955,15245002,1984969.7,5276.8,5374.5,3968,15334,1323.2,351916.9,2063.5,612,15237308,1984988.2,1989.8,1984.0,1824,2176,61.2,cudaLaunchKernel,"void at::native::vectorized_elementwise_kernel<(int)4, at::native::sin_kernel_cuda(at::TensorIteratorBase &)::[lambda() (instance 2)]::operator ()() const::[lambda() (instance 2)]::operator ()() const::[lambda(float) (instance 1)], std::array<char *, (unsigned long)2>>(int, T2, T3)"
318460,318460,1,116,116,350705.0,16434.5,10716,15166526,1975235.8,5906.3,5934.5,4402,36297,2979.5,338453.1,2055.0,615,15151878,1975291.8,6345.7,6320.0,4097,8641,2147.2,cudaLaunchKernel,"void at::native::<unnamed>::CatArrayBatchedCopy<at::native::<unnamed>::OpaqueType<(unsigned int)2>, unsigned int, (int)4, (int)64, (int)64>(T1 *, at::native::<unnamed>::CatArrInputTensorMetadata<T1, T2, T4, T5>, at::native::<unnamed>::TensorSizeStride<T2, (unsigned int)4>, int, T2)"
318460,318460,1,232,232,350387.9,12590.0,8859,15212442,1973176.5,4683.7,4523.5,3820,11760,708.6,341279.5,2145.5,505,15201519,1973175.4,4424.7,4752.0,2720,6272,1552.8,cudaLaunchKernel,"void at::native::elementwise_kernel<(int)128, (int)4, void at::native::gpu_kernel_impl_nocast<at::native::BinaryFunctor<c10::BFloat16, c10::BFloat16, c10::BFloat16, at::native::binary_internal::MulFunctor<float>>>(at::TensorIteratorBase &, const T1 &)::[lambda(int) (instance 1)]>(int, T3)"
318460,318460,1,116,116,349596.2,10510.0,8932,15179995,1977378.0,5353.3,5329.0,4220,15841,1441.6,341290.0,1975.5,322,15170920,1977334.8,2952.9,2960.0,2624,3265,278.8,cudaLaunchKernel,"void at::native::elementwise_kernel<(int)128, (int)4, void at::native::gpu_kernel_impl_nocast<at::native::neg_kernel_cuda(at::TensorIteratorBase &)::[lambda() (instance 2)]::operator ()() const::[lambda() (instance 9)]::operator ()() const::[lambda(c10::BFloat16) (instance 1)]>(at::TensorIteratorBase &, const T1 &)::[lambda(int) (instance 1)]>(int, T3)"
318229,318229,0,4,4,346548.0,355939.5,314660,359653,21332.5,10010.0,9974.0,7519,12573,2583.2,334210.0,343669.5,300159,349342,22931.9,2328.0,2272.0,2144,2624,208.0,cudaLaunchKernel,"void at::native::unrolled_elementwise_kernel<at::native::direct_copy_kernel_cuda(at::TensorIteratorBase &)::[lambda() (instance 3)]::operator ()() const::[lambda() (instance 3)]::operator ()() const::[lambda(int) (instance 1)], std::array<char *, (unsigned long)2>, (int)4, TrivialOffsetCalculator<(int)1, unsigned int>, TrivialOffsetCalculator<(int)1, unsigned int>, at::native::memory::LoadWithCast<(int)1>, at::native::memory::StoreWithCast<(int)1>>(int, T1, T2, T4, T5, T6, T7)"
318460,318460,1,116,116,342433.8,9868.0,7406,15146338,1973216.7,4865.5,5015.0,3708,13355,1047.7,335396.1,2259.0,782,15138525,1973246.9,2172.2,2128.0,1504,3040,575.8,cudaLaunchKernel,"void at::native::vectorized_elementwise_kernel<(int)8, at::native::CUDAFunctor_add<c10::BFloat16>, std::array<char *, (unsigned long)3>>(int, T2, T3)"
318460,318460,1,116,116,340854.3,10530.5,8051,15134866,1971665.2,5358.8,5360.0,4312,9385,755.8,332934.1,1968.0,250,15125908,1971705.9,2561.4,2560.0,1664,3520,851.2,cudaLaunchKernel,"void at::native::<unnamed>::CatArrayBatchedCopy_vectorized<at::native::<unnamed>::OpaqueType<(unsigned int)2>, unsigned int, (int)4, (int)128, (int)1, (int)16, (int)8>(char *, at::native::<unnamed>::CatArrInputTensorMetadata<T1, T2, T4, T5>, at::native::<unnamed>::TensorSizeStride<T2, (unsigned int)4>, int, T2)"
318460,318460,1,58,57,336478.4,41123.5,40475,14838746,1944265.3,5963.7,5764.0,5308,14341,1187.2,302421.2,1999.0,735,14799886,1961195.1,33427.5,33344.5,32928,34145,282.9,cudaLaunchKernel,"void at::native::elementwise_kernel<(int)128, (int)2, void at::native::gpu_kernel_impl_nocast<at::native::<unnamed>::masked_fill_kernel(at::TensorIterator &, const c10::Scalar &)::[lambda() (instance 1)]::operator ()() const::[lambda() (instance 7)]::operator ()() const::[lambda(float, bool) (instance 1)]>(at::TensorIteratorBase &, const T1 &)::[lambda(int) (instance 1)]>(int, T3)"
318460,318460,1,1,1,329473.0,329473.0,329473,329473,0.0,13811.0,13811.0,13811,13811,0.0,313390.0,313390.0,313390,313390,0.0,2272.0,2272.0,2272,2272,0.0,cudaLaunchKernel,"void at::native::unrolled_elementwise_kernel<at::native::direct_copy_kernel_cuda(at::TensorIteratorBase &)::[lambda() (instance 3)]::operator ()() const::[lambda() (instance 3)]::operator ()() const::[lambda(int) (instance 1)], std::array<char *, (unsigned long)2>, (int)4, TrivialOffsetCalculator<(int)1, unsigned int>, TrivialOffsetCalculator<(int)1, unsigned int>, at::native::memory::LoadWithCast<(int)1>, at::native::memory::StoreWithCast<(int)1>>(int, T1, T2, T4, T5, T6, T7)"
318460,318460,1,1,1,329236.0,329236.0,329236,329236,0.0,14895.0,14895.0,14895,14895,0.0,313029.0,313029.0,313029,313029,0.0,1312.0,1312.0,1312,1312,0.0,cudaLaunchKernel,"void at::native::<unnamed>::CatArrayBatchedCopy_vectorized<at::native::<unnamed>::OpaqueType<(unsigned int)4>, unsigned int, (int)1, (int)128, (int)1, (int)16, (int)4>(char *, at::native::<unnamed>::CatArrInputTensorMetadata<T1, T2, T4, T5>, at::native::<unnamed>::TensorSizeStride<T2, (unsigned int)4>, int, T2)"
318460,318460,1,60,58,322903.8,34506.5,17267,14874423,1917762.3,6984.4,6643.0,6144,13991,1235.3,300773.8,2004.5,255,14842159,1950296.0,25265.7,25888.5,6240,26592,3566.2,cudaLaunchKernel,"void at::native::unrolled_elementwise_kernel<at::native::direct_copy_kernel_cuda(at::TensorIteratorBase &)::[lambda() (instance 3)]::operator ()() const::[lambda() (instance 7)]::operator ()() const::[lambda(float) (instance 1)], std::array<char *, (unsigned long)2>, (int)4, TrivialOffsetCalculator<(int)1, unsigned int>, TrivialOffsetCalculator<(int)1, unsigned int>, at::native::memory::LoadWithCast<(int)1>, at::native::memory::StoreWithCast<(int)1>>(int, T1, T2, T4, T5, T6, T7)"
318460,318460,1,59,57,321693.5,18598.0,17745,14880232,1936329.8,7279.5,6746.0,6226,17329,2138.1,308229.9,1396.0,149,14863264,1970233.2,16634.8,10335.0,10144,382530,48456.9,cuLaunchKernelEx,nvjet_sm90_tst_192x192_64x4_2x1_v_bz_coopB_TNN
318460,318460,1,58,57,309035.6,11113.0,10493,14839346,1948563.3,5896.3,5553.5,4942,14371,1447.3,304874.2,1809.0,134,14830618,1965572.5,3584.5,3584.0,3391,4192,141.6,cudaLaunchKernel,"void at::native::triu_tril_kernel<float, int, (bool)1, (int)2, (bool)0>(at::cuda::detail::TensorInfo<T1, T2>, at::cuda::detail::TensorInfo<const T1, T2>, long, long, T2)"
318460,318460,1,58,55,307378.0,10624.5,9960,14825614,1946721.8,5764.1,5550.5,4914,13859,1179.0,314680.5,1817.0,370,14816783,1998789.2,3270.1,3264.0,3232,3329,30.3,cudaLaunchKernel,"void at::native::unrolled_elementwise_kernel<at::native::direct_copy_kernel_cuda(at::TensorIteratorBase &)::[lambda() (instance 3)]::operator ()() const::[lambda() (instance 11)]::operator ()() const::[lambda(bool) (instance 1)], std::array<char *, (unsigned long)2>, (int)4, TrivialOffsetCalculator<(int)1, unsigned int>, TrivialOffsetCalculator<(int)1, unsigned int>, at::native::memory::LoadWithCast<(int)1>, at::native::memory::StoreWithCast<(int)1>>(int, T1, T2, T4, T5, T6, T7)"
318460,319219,1,1,1,304190.0,304190.0,304190,304190,0.0,29754.0,29754.0,29754,29754,0.0,265348.0,265348.0,265348,265348,0.0,9088.0,9088.0,9088,9088,0.0,cudaLaunchKernelExC,"void cublasLt::splitKreduce_kernel<(int)32, (int)16, int, float, __nv_bfloat16, float, __nv_bfloat16, (bool)0, float, __nv_bfloat16, __nv_bfloat16, (bool)1, (bool)0, (bool)0, (bool)0>(cublasLt::cublasSplitKParams<T6>, const T4 *, const T10 *, T9 *, T5 *, const T6 *, const T6 *, const T11 *, const T4 *, T11 *, void *, long, T6 *, int *, T6 *, T6 *, const T6 *, const T6 *, const T6 *, const T6 *, const T6 *)"
318229,318229,0,7,6,287494.7,12661.0,9542,1940817,729048.8,10142.9,9562.0,7562,12732,2445.4,322473.2,844.5,239,1931417,788218.4,1101.7,1088.0,1056,1152,31.2,cudaLaunchKernel,"void at::native::vectorized_elementwise_kernel<(int)4, at::native::FillFunctor<int>, std::array<char *, (unsigned long)1>>(int, T2, T3)"
318460,319219,1,1,0,229528.0,229528.0,229528,229528,0.0,30100.0,30100.0,30100,30100,0.0,,,,,0.0,211105.0,211105.0,211105,211105,0.0,cudaLaunchKernel,"<unnamed>::linear_logp_local_probs_bf16_to_dlogits_row_kernel(__nv_bfloat16 *, const int *, const float *, const float *, const float *, int, int, long, int)"
318229,319208,0,5,5,210957.8,8753.0,8443,1018860,451631.6,4400.4,4003.0,3788,5220,663.8,203734.8,1834.0,1691,1011029,451291.2,2822.6,2720.0,2656,3265,255.8,cudaLaunchKernel,"void at::native::elementwise_kernel<(int)128, (int)4, void at::native::gpu_kernel_impl_nocast<at::native::neg_kernel_cuda(at::TensorIteratorBase &)::[lambda() (instance 2)]::operator ()() const::[lambda() (instance 9)]::operator ()() const::[lambda(c10::BFloat16) (instance 1)]>(at::TensorIteratorBase &, const T1 &)::[lambda(int) (instance 1)]>(int, T3)"
318229,319208,0,5,5,209775.8,10593.0,10408,1001410,442543.0,5013.0,4239.0,3984,6624,1225.7,199700.2,2232.0,1391,990530,442087.4,5062.6,4256.0,4160,8449,1893.5,cudaLaunchKernel,"void at::native::<unnamed>::CatArrayBatchedCopy<at::native::<unnamed>::OpaqueType<(unsigned int)2>, unsigned int, (int)4, (int)64, (int)64>(T1 *, at::native::<unnamed>::CatArrInputTensorMetadata<T1, T2, T4, T5>, at::native::<unnamed>::TensorSizeStride<T2, (unsigned int)4>, int, T2)"
318229,319208,0,6,6,170541.0,9106.5,7102,974408,393827.8,5420.5,4258.5,3334,12792,3636.5,163110.0,2006.0,1870,968676,394645.1,2010.5,1632.0,1535,2912,639.3,cudaLaunchKernel,"void at::native::vectorized_elementwise_kernel<(int)8, at::native::CUDAFunctor_add<c10::BFloat16>, std::array<char *, (unsigned long)3>>(int, T2, T3)"
318229,319208,0,9,9,117911.6,8999.0,8405,984368,324924.8,4018.8,3875.0,3795,4492,280.9,110376.7,2052.0,1584,977615,325214.4,3516.1,2848.0,2751,6047,1373.6,cudaLaunchKernel,"void at::native::elementwise_kernel<(int)128, (int)4, void at::native::gpu_kernel_impl_nocast<at::native::BinaryFunctor<c10::BFloat16, c10::BFloat16, c10::BFloat16, at::native::binary_internal::MulFunctor<float>>>(at::TensorIteratorBase &, const T1 &)::[lambda(int) (instance 1)]>(int, T3)"
318460,318460,1,3,2,77276.3,23457.0,18908,189464,97184.0,13566.3,14070.0,7809,18820,5522.8,88062.5,88062.5,902,175223,123263.6,5066.7,4832.0,3936,6432,1264.4,cuLaunchKernelEx,ncclDevKernel_AllGather_RING_LL(ncclDevKernelArgsStorage<(unsigned long)4096>)
318229,319208,0,6,6,63886.8,63826.0,63227,64631,556.5,7551.5,7432.5,6942,8594,567.9,980.7,1024.5,434,1291,291.3,55354.7,55360.0,54624,56064,473.1,cuLaunchKernelEx,nvjet_sm90_tst_256x128_64x4_1x2_h_bz_coopA_TNT
318229,319208,0,10,7,60771.7,49360.0,45042,126310,27188.1,13722.5,12579.0,10898,17725,2460.3,534.6,439.0,110,1002,363.1,47206.3,34976.0,33184,114304,27743.6,cuLaunchKernelEx,ncclDevKernel_AllReduce_Sum_bf16_RING_LL(ncclDevKernelArgsStorage<(unsigned long)4096>)
318460,318460,1,1,1,59973.0,59973.0,59973,59973,0.0,36638.0,36638.0,36638,36638,0.0,18823.0,18823.0,18823,18823,0.0,4512.0,4512.0,4512,4512,0.0,cudaLaunchKernel,"void at::native::reduce_kernel<(int)128, (int)4, at::native::ReduceOp<float, at::native::func_wrapper_t<float, at::native::MaxNanFunctor<float>>, unsigned int, float, (int)4, (int)4>>(T3)"
318229,319208,0,3,3,40132.3,40126.0,40105,40166,31.0,5200.3,5274.0,5041,5286,138.1,1642.0,1637.0,1540,1749,104.6,33290.0,33279.0,33215,33376,81.1,cudaLaunchKernel,"void at::native::elementwise_kernel<(int)128, (int)2, void at::native::gpu_kernel_impl_nocast<at::native::<unnamed>::masked_fill_kernel(at::TensorIterator &, const c10::Scalar &)::[lambda() (instance 1)]::operator ()() const::[lambda() (instance 7)]::operator ()() const::[lambda(float, bool) (instance 1)]>(at::TensorIteratorBase &, const T1 &)::[lambda(int) (instance 1)]>(int, T3)"
318229,319208,0,3,3,37796.0,37547.0,37545,38296,433.0,5546.0,5615.0,5367,5656,156.4,1882.3,1952.0,1725,1970,136.6,30367.7,30208.0,30207,30688,277.4,cudaLaunchKernel,"void <unnamed>::softmax_warp_forward<float, float, float, (int)10, (bool)0, (bool)0>(T2 *, const T1 *, int, int, int, const bool *, int, bool)"
318229,319208,0,3,3,32777.7,31931.0,31542,34860,1813.8,5564.3,5565.0,5494,5634,70.0,1901.3,1881.0,1878,1945,37.8,25312.0,24416.0,24032,27488,1894.2,cudaLaunchKernel,"void at::native::unrolled_elementwise_kernel<at::native::direct_copy_kernel_cuda(at::TensorIteratorBase &)::[lambda() (instance 3)]::operator ()() const::[lambda() (instance 7)]::operator ()() const::[lambda(float) (instance 1)], std::array<char *, (unsigned long)2>, (int)4, TrivialOffsetCalculator<(int)1, unsigned int>, TrivialOffsetCalculator<(int)1, unsigned int>, at::native::memory::LoadWithCast<(int)1>, at::native::memory::StoreWithCast<(int)1>>(int, T1, T2, T4, T5, T6, T7)"
318229,319208,0,10,10,29694.5,34776.0,21213,36094,7095.6,6720.4,6784.0,6041,8298,673.0,1025.2,991.5,628,1428,263.2,21948.9,27056.5,13952,27584,6788.5,cuLaunchKernelEx,nvjet_sm90_tst_128x128_64x6_4x2_h_bz_TNT
318460,319219,1,1,0,26524.0,26524.0,26524,26524,0.0,26524.0,26524.0,26524,26524,0.0,,,,,0.0,1856.0,1856.0,1856,1856,0.0,cudaLaunchKernel,"void at::native::unrolled_elementwise_kernel<at::native::direct_copy_kernel_cuda(at::TensorIteratorBase &)::[lambda() (instance 3)]::operator ()() const::[lambda() (instance 3)]::operator ()() const::[lambda(int) (instance 1)], std::array<char *, (unsigned long)2>, (int)4, TrivialOffsetCalculator<(int)1, unsigned int>, TrivialOffsetCalculator<(int)1, unsigned int>, at::native::memory::LoadWithCast<(int)1>, at::native::memory::StoreWithCast<(int)1>>(int, T1, T2, T4, T5, T6, T7)"
318460,319219,1,1,0,24914.0,24914.0,24914,24914,0.0,24914.0,24914.0,24914,24914,0.0,,,,,0.0,1248.0,1248.0,1248,1248,0.0,cudaLaunchKernel,"void at::native::vectorized_elementwise_kernel<(int)4, at::native::neg_kernel_cuda(at::TensorIteratorBase &)::[lambda() (instance 2)]::operator ()() const::[lambda() (instance 7)]::operator ()() const::[lambda(float) (instance 1)], std::array<char *, (unsigned long)2>>(int, T2, T3)"
318460,319219,1,1,0,21735.0,21735.0,21735,21735,0.0,21735.0,21735.0,21735,21735,0.0,,,,,0.0,1088.0,1088.0,1088,1088,0.0,cuLaunchKernel,triton_poi_fused_add_clamp_div_eq_exp_ge_gt_le_logical_and_lt_masked_fill_mul_neg_where_0
318460,318460,1,2,1,21506.5,21506.5,20784,22229,1021.8,15077.0,15077.0,14854,15300,315.4,113.0,113.0,113,113,0.0,6752.0,6752.0,6688,6816,90.5,cudaLaunchKernel,"void transformer_engine::normalization::rmsnorm_fwd_general_kernel<transformer_engine::normalization::Kernel_traits<__nv_bfloat16, __nv_bfloat16, __nv_bfloat16, float, unsigned int, (unsigned int)8192, (unsigned int)1, (unsigned int)1, (unsigned int)4, (unsigned int)16, transformer_engine::normalization::Kernel_traits_base<(unsigned int)8192, __nv_bfloat16, __nv_bfloat16, __nv_bfloat16, float, unsigned int, (unsigned int)128>>>(transformer_engine::normalization::ForwardKernelParams)"
318460,319219,1,1,0,20264.0,20264.0,20264,20264,0.0,20264.0,20264.0,20264,20264,0.0,,,,,0.0,3040.0,3040.0,3040,3040,0.0,cudaLaunchKernel,"void at::native::elementwise_kernel<(int)128, (int)4, void at::native::gpu_kernel_impl<at::native::BinaryFunctor<float, float, float, at::native::binary_internal::MulFunctor<float>>>(at::TensorIteratorBase &, const T1 &)::[lambda(int) (instance 1)]>(int, T3)"
318460,319219,1,1,0,19449.0,19449.0,19449,19449,0.0,19449.0,19449.0,19449,19449,0.0,,,,,0.0,1696.0,1696.0,1696,1696,0.0,cudaLaunchKernel,"void at::native::unrolled_elementwise_kernel<at::native::BinaryFunctor<float, float, float, at::native::binary_internal::DivFunctor<float>>, std::array<char *, (unsigned long)3>, (int)4, TrivialOffsetCalculator<(int)2, unsigned int>, TrivialOffsetCalculator<(int)1, unsigned int>, at::native::memory::LoadWithCast<(int)2>, at::native::memory::StoreWithCast<(int)1>>(int, T1, T2, T4, T5, T6, T7)"
318229,318229,0,3,1,18706.0,20216.0,14262,21640,3913.9,18090.3,19980.0,12651,21640,4783.2,139.0,139.0,139,139,0.0,1514.7,1504.0,1472,1568,48.9,cudaLaunchKernel,"void at::native::vectorized_elementwise_kernel<(int)4, at::native::AUnaryFunctor<int, int, int, at::native::binary_internal::MulFunctor<int>>, std::array<char *, (unsigned long)2>>(int, T2, T3)"
318460,318460,1,1,1,17819.0,17819.0,17819,17819,0.0,16215.0,16215.0,16215,16215,0.0,132.0,132.0,132,132,0.0,1472.0,1472.0,1472,1472,0.0,cudaLaunchKernel,"void <unnamed>::elementwise_kernel_with_index<int, at::native::arange_cuda_out(const c10::Scalar &, const c10::Scalar &, const c10::Scalar &, at::Tensor &)::[lambda() (instance 1)]::operator ()() const::[lambda() (instance 7)]::operator ()() const::[lambda(long) (instance 1)]>(T1, T2, function_traits<T2>::result_type *)"
318229,318229,0,3,3,17496.7,17949.0,16532,18009,836.0,12689.7,13790.0,10356,13923,2022.1,572.3,315.0,186,1216,561.2,4234.7,3904.0,3840,4960,629.0,cudaLaunchKernel,"void at::native::vectorized_gather_kernel<(int)16, long>(char *, char *, T2 *, int, long, long, long, long, bool)"
318229,319208,0,3,2,17396.7,17432.0,17235,17523,147.2,6070.0,5657.0,5362,7191,982.0,1681.0,1681.0,1568,1794,159.8,10271.3,10240.0,10207,10367,84.5,cuLaunchKernelEx,nvjet_sm90_tst_192x192_64x4_2x1_v_bz_coopB_TNN
318460,319219,1,2,1,17215.0,17215.0,13500,20930,5253.8,16588.0,16588.0,12246,20930,6140.5,102.0,102.0,102,102,0.0,1280.0,1280.0,1152,1408,181.0,cudaLaunchKernel,"void at::native::vectorized_elementwise_kernel<(int)4, at::native::BUnaryFunctor<float, float, float, at::native::binary_internal::MulFunctor<float>>, std::array<char *, (unsigned long)2>>(int, T2, T3)"
318229,319208,0,3,3,17101.3,17137.0,16610,17557,474.5,6557.7,6528.0,6518,6627,60.3,1519.7,1470.0,1425,1664,127.0,9024.0,9184.0,8513,9375,452.7,cuLaunchKernelEx,nvjet_sm90_tst_128x96_64x7_1x2_h_bz_NNT
318460,318460,1,1,1,16996.0,16996.0,16996,16996,0.0,11024.0,11024.0,11024,11024,0.0,1812.0,1812.0,1812,1812,0.0,4160.0,4160.0,4160,4160,0.0,cudaLaunchKernel,"void at::native::vectorized_gather_kernel<(int)16, long>(char *, char *, T2 *, int, long, long, long, long, bool)"
318229,318229,0,3,1,16772.7,16272.0,12470,21576,4573.6,16064.7,15769.0,10849,21576,5369.6,309.0,309.0,309,309,0.0,1376.0,1312.0,1280,1536,139.5,cudaLaunchKernel,"void at::native::unrolled_elementwise_kernel<at::native::CUDAFunctor_add<int>, std::array<char *, (unsigned long)3>, (int)4, TrivialOffsetCalculator<(int)2, unsigned int>, TrivialOffsetCalculator<(int)1, unsigned int>, at::native::memory::LoadWithoutCast, at::native::memory::StoreWithoutCast>(int, T1, T2, T4, T5, T6, T7)"
318229,318229,0,3,0,16689.0,17700.0,14174,18193,2192.0,11068.3,11689.0,9322,12194,1533.3,,,,,0.0,6208.0,6176.0,6144,6304,84.7,cudaLaunchKernel,"void at::native::elementwise_kernel<(int)128, (int)4, void at::native::gpu_kernel_impl_nocast<at::native::<unnamed>::masked_fill_kernel(at::TensorIterator &, const c10::Scalar &)::[lambda() (instance 1)]::operator ()() const::[lambda() (instance 12)]::operator ()() const::[lambda(c10::BFloat16, bool) (instance 1)]>(at::TensorIteratorBase &, const T1 &)::[lambda(int) (instance 1)]>(int, T3)"
318229,318229,0,3,2,16419.3,16696.0,14975,17587,1327.8,14013.3,14288.0,12541,15211,1356.0,168.0,168.0,168,168,0.0,2346.7,2240.0,2208,2592,213.1,cudaLaunchKernel,"void at::native::reduce_kernel<(int)512, (int)1, at::native::ReduceOp<int, at::native::func_wrapper_t<int, at::native::MaxNanFunctor<int>>, unsigned int, int, (int)4, (int)4>>(T3)"
318460,318460,1,1,1,15888.0,15888.0,15888,15888,0.0,13824.0,13824.0,13824,13824,0.0,112.0,112.0,112,112,0.0,1952.0,1952.0,1952,1952,0.0,cudaLaunchKernel,"void at::native::vectorized_elementwise_kernel<(int)4, at::native::BinaryFunctor<bool, bool, bool, at::native::BitwiseOrFunctor<bool>>, std::array<char *, (unsigned long)3>>(int, T2, T3)"
318460,318460,1,1,0,15845.0,15845.0,15845,15845,0.0,15268.0,15268.0,15268,15268,0.0,,,,,0.0,2368.0,2368.0,2368,2368,0.0,cudaLaunchKernel,"void at::native::reduce_kernel<(int)512, (int)1, at::native::ReduceOp<int, at::native::func_wrapper_t<int, at::native::MaxNanFunctor<int>>, unsigned int, int, (int)4, (int)4>>(T3)"
318460,318460,1,1,1,15679.0,15679.0,15679,15679,0.0,8527.0,8527.0,8527,8527,0.0,1168.0,1168.0,1168,1168,0.0,5984.0,5984.0,5984,5984,0.0,cudaLaunchKernel,"void at::native::elementwise_kernel<(int)128, (int)4, void at::native::gpu_kernel_impl_nocast<at::native::<unnamed>::masked_fill_kernel(at::TensorIterator &, const c10::Scalar &)::[lambda() (instance 1)]::operator ()() const::[lambda() (instance 12)]::operator ()() const::[lambda(c10::BFloat16, bool) (instance 1)]>(at::TensorIteratorBase &, const T1 &)::[lambda(int) (instance 1)]>(int, T3)"
318229,319208,0,11,11,15505.6,7022.0,6630,38599,14557.2,3983.9,3929.0,3390,4637,400.3,5752.9,2088.0,1700,15781,6431.3,5768.8,1216.0,1152,18432,7847.6,cudaLaunchKernel,"void at::native::vectorized_elementwise_kernel<(int)8, at::native::bfloat16_copy_kernel_cuda(at::TensorIteratorBase &)::[lambda(float) (instance 1)], std::array<char *, (unsigned long)2>>(int, T2, T3)"
318460,319219,1,1,0,15235.0,15235.0,15235,15235,0.0,15235.0,15235.0,15235,15235,0.0,,,,,0.0,1408.0,1408.0,1408,1408,0.0,cudaLaunchKernel,"void at::native::vectorized_elementwise_kernel<(int)4, at::native::BinaryFunctor<float, float, float, at::native::binary_internal::DivFunctor<float>>, std::array<char *, (unsigned long)3>>(int, T2, T3)"
318460,318460,1,1,1,15107.0,15107.0,15107,15107,0.0,12557.0,12557.0,12557,12557,0.0,886.0,886.0,886,886,0.0,1664.0,1664.0,1664,1664,0.0,cudaLaunchKernel,"void at::native::unrolled_elementwise_kernel<at::native::CUDAFunctor_add<int>, std::array<char *, (unsigned long)3>, (int)4, TrivialOffsetCalculator<(int)2, unsigned int>, TrivialOffsetCalculator<(int)1, unsigned int>, at::native::memory::LoadWithoutCast, at::native::memory::StoreWithoutCast>(int, T1, T2, T4, T5, T6, T7)"
318229,319208,0,11,10,15053.9,14717.0,13943,17423,1044.1,10110.5,9693.0,8565,13012,1524.1,583.3,618.5,59,849,232.8,4741.5,4800.0,4480,4991,179.0,cuLaunchKernel,triton_poi_fused_add_0
318460,318460,1,2,2,14799.5,14799.5,14413,15186,546.6,11050.0,11050.0,10724,11376,461.0,1141.5,1141.5,962,1321,253.9,2608.0,2608.0,2368,2848,339.4,cudaLaunchKernel,"void at::native::reduce_kernel<(int)512, (int)1, at::native::ReduceOp<long, at::native::func_wrapper_t<long, at::native::sum_functor<long, long, long>::operator ()(at::TensorIterator &)::[lambda(long, long) (instance 1)]>, unsigned int, long, (int)4, (int)4>>(T3)"
318460,318460,1,1,0,14754.0,14754.0,14754,14754,0.0,14754.0,14754.0,14754,14754,0.0,,,,,0.0,1600.0,1600.0,1600,1600,0.0,cudaLaunchKernel,"void at::native::<unnamed>::CatArrayBatchedCopy_vectorized<at::native::<unnamed>::OpaqueType<(unsigned int)4>, unsigned int, (int)2, (int)128, (int)1, (int)16, (int)4>(char *, at::native::<unnamed>::CatArrInputTensorMetadata<T1, T2, T4, T5>, at::native::<unnamed>::TensorSizeStride<T2, (unsigned int)4>, int, T2)"
318460,318460,1,1,1,14642.0,14642.0,14642,14642,0.0,11766.0,11766.0,11766,11766,0.0,925.0,925.0,925,925,0.0,1951.0,1951.0,1951,1951,0.0,cudaLaunchKernel,"void at::native::vectorized_elementwise_kernel<(int)2, at::native::<unnamed>::masked_fill_kernel(at::TensorIterator &, const c10::Scalar &)::[lambda() (instance 1)]::operator ()() const::[lambda() (instance 4)]::operator ()() const::[lambda(long, bool) (instance 1)], std::array<char *, (unsigned long)3>>(int, T2, T3)"
318460,318460,1,1,1,14624.0,14624.0,14624,14624,0.0,12313.0,12313.0,12313,12313,0.0,999.0,999.0,999,999,0.0,1312.0,1312.0,1312,1312,0.0,cudaLaunchKernel,"void at::native::vectorized_elementwise_kernel<(int)4, at::native::AUnaryFunctor<int, int, int, at::native::binary_internal::MulFunctor<int>>, std::array<char *, (unsigned long)2>>(int, T2, T3)"
318229,319208,0,6,6,14612.8,14397.0,14197,15758,573.6,6719.3,6473.0,6304,8084,676.3,1552.3,1610.0,1242,1629,152.3,6341.2,6368.0,6175,6496,132.1,cuLaunchKernel,triton_poi_fused_mul_silu_split_0
318229,318229,0,6,3,14583.7,14008.0,8603,22476,5392.6,13107.5,12610.0,5746,22147,6488.4,1173.3,1032.0,943,1545,324.9,1445.3,1360.0,1312,1760,181.5,cudaLaunchKernel,"void at::native::vectorized_elementwise_kernel<(int)4, void at::native::compare_scalar_kernel<long>(at::TensorIteratorBase &, at::native::<unnamed>::OpType, T1)::[lambda(long) (instance 1)], std::array<char *, (unsigned long)2>>(int, T2, T3)"
318460,318460,1,2,2,14580.5,14580.5,14577,14584,4.9,11589.0,11589.0,11396,11782,272.9,1343.0,1343.0,1291,1395,73.5,1648.5,1648.5,1504,1793,204.4,cudaLaunchKernel,"void at::native::vectorized_elementwise_kernel<(int)2, at::native::<unnamed>::launch_clamp_scalar(at::TensorIteratorBase &, c10::Scalar, c10::Scalar, at::native::detail::ClampLimits)::[lambda() (instance 1)]::operator ()() const::[lambda() (instance 4)]::operator ()() const::[lambda(long) (instance 1)], std::array<char *, (unsigned long)2>>(int, T2, T3)"
318460,318460,1,2,2,14459.0,14459.0,14270,14648,267.3,10453.5,10453.5,9927,10980,744.6,1029.5,1029.5,628,1431,567.8,2976.0,2976.0,2912,3040,90.5,cudaLaunchKernel,"void at::native::unrolled_elementwise_kernel<at::native::direct_copy_kernel_cuda(at::TensorIteratorBase &)::[lambda() (instance 3)]::operator ()() const::[lambda() (instance 4)]::operator ()() const::[lambda(long) (instance 1)], std::array<char *, (unsigned long)2>, (int)4, TrivialOffsetCalculator<(int)1, unsigned int>, TrivialOffsetCalculator<(int)1, unsigned int>, at::native::memory::LoadWithCast<(int)1>, at::native::memory::StoreWithCast<(int)1>>(int, T1, T2, T4, T5, T6, T7)"
318460,318460,1,2,2,14441.5,14441.5,8201,20682,8825.4,11804.0,11804.0,5085,18523,9502.1,1101.5,1101.5,399,1804,993.5,1536.0,1536.0,1312,1760,316.8,cudaLaunchKernel,"void at::native::vectorized_elementwise_kernel<(int)4, void at::native::compare_scalar_kernel<long>(at::TensorIteratorBase &, at::native::<unnamed>::OpType, T1)::[lambda(long) (instance 1)], std::array<char *, (unsigned long)2>>(int, T2, T3)"
318229,318229,0,3,3,14081.7,14682.0,12558,15005,1329.4,11807.0,12935.0,9266,13220,2205.2,557.3,243.0,121,1308,653.0,1717.3,1664.0,1504,1984,244.4,cudaLaunchKernel,"void at::native::vectorized_elementwise_kernel<(int)4, at::native::BinaryFunctor<bool, bool, bool, at::native::BitwiseOrFunctor<bool>>, std::array<char *, (unsigned long)3>>(int, T2, T3)"
318460,318460,1,1,1,14046.0,14046.0,14046,14046,0.0,10427.0,10427.0,10427,10427,0.0,2243.0,2243.0,2243,2243,0.0,1376.0,1376.0,1376,1376,0.0,cudaLaunchKernel,"void at::native::vectorized_elementwise_kernel<(int)4, at::native::AUnaryFunctor<float, float, bool, at::native::<unnamed>::CompareEqFunctor<float>>, std::array<char *, (unsigned long)2>>(int, T2, T3)"
318460,318460,1,1,1,13220.0,13220.0,13220,13220,0.0,9477.0,9477.0,9477,9477,0.0,1759.0,1759.0,1759,1759,0.0,1984.0,1984.0,1984,1984,0.0,cudaLaunchKernel,"void at::native::vectorized_elementwise_kernel<(int)4, at::native::exp_kernel_cuda(at::TensorIteratorBase &)::[lambda() (instance 2)]::operator ()() const::[lambda() (instance 2)]::operator ()() const::[lambda(float) (instance 1)], std::array<char *, (unsigned long)2>>(int, T2, T3)"
318460,318460,1,1,1,13142.0,13142.0,13142,13142,0.0,9766.0,9766.0,9766,9766,0.0,1648.0,1648.0,1648,1648,0.0,1728.0,1728.0,1728,1728,0.0,cudaLaunchKernel,"void at::native::vectorized_elementwise_kernel<(int)4, at::native::log_kernel_cuda(at::TensorIteratorBase &)::[lambda() (instance 2)]::operator ()() const::[lambda() (instance 2)]::operator ()() const::[lambda(float) (instance 1)], std::array<char *, (unsigned long)2>>(int, T2, T3)"
318460,318460,1,1,1,12997.0,12997.0,12997,12997,0.0,10469.0,10469.0,10469,10469,0.0,1152.0,1152.0,1152,1152,0.0,1376.0,1376.0,1376,1376,0.0,cudaLaunchKernel,"void at::native::vectorized_elementwise_kernel<(int)4, at::native::AbsFunctor<float>, std::array<char *, (unsigned long)2>>(int, T2, T3)"
318229,319208,0,6,6,12952.2,13578.5,9625,13741,1635.2,7036.5,7723.5,3488,7964,1753.3,1179.7,976.0,898,2104,467.9,4736.0,4864.0,4033,4896,344.7,cudaLaunchKernel,"void at::native::<unnamed>::vectorized_layer_norm_kernel<c10::BFloat16, float, (bool)1>(int, T2, const T1 *, const T1 *, const T1 *, T2 *, T2 *, T1 *)"
318229,318229,0,3,2,12518.7,12459.0,11494,13603,1055.8,10568.3,10757.0,8741,12207,1740.7,531.5,531.5,166,897,516.9,1642.7,1536.0,1536,1856,184.8,cudaLaunchKernel,"void at::native::vectorized_elementwise_kernel<(int)2, at::native::<unnamed>::masked_fill_kernel(at::TensorIterator &, const c10::Scalar &)::[lambda() (instance 1)]::operator ()() const::[lambda() (instance 4)]::operator ()() const::[lambda(long, bool) (instance 1)], std::array<char *, (unsigned long)3>>(int, T2, T3)"
318460,318460,1,1,1,11902.0,11902.0,11902,11902,0.0,9289.0,9289.0,9289,9289,0.0,789.0,789.0,789,789,0.0,1824.0,1824.0,1824,1824,0.0,cudaLaunchKernel,"void at::native::elementwise_kernel<(int)128, (int)2, void at::native::gpu_kernel_impl_nocast<at::native::BinaryFunctor<float, float, float, at::native::binary_internal::MulFunctor<float>>>(at::TensorIteratorBase &, const T1 &)::[lambda(int) (instance 1)]>(int, T3)"
318460,318460,1,2,2,11640.0,11640.0,9215,14065,3429.5,7178.0,7178.0,5374,8982,2551.2,1518.0,1518.0,1243,1793,388.9,2944.0,2944.0,2048,3840,1267.1,cudaLaunchKernel,"void at::native::reduce_kernel<(int)128, (int)4, at::native::ReduceOp<float, at::native::func_wrapper_t<float, at::native::sum_functor<float, float, float>::operator ()(at::TensorIterator &)::[lambda(float, float) (instance 1)]>, unsigned int, float, (int)4, (int)4>>(T3)"
318460,318460,1,1,1,11488.0,11488.0,11488,11488,0.0,9348.0,9348.0,9348,9348,0.0,763.0,763.0,763,763,0.0,1377.0,1377.0,1377,1377,0.0,cudaLaunchKernel,"void at::native::vectorized_elementwise_kernel<(int)4, at::native::CUDAFunctorOnSelf_add<float>, std::array<char *, (unsigned long)2>>(int, T2, T3)"
318229,319208,0,10,10,11444.6,11356.0,10724,12228,649.6,4704.6,4798.5,4135,5266,396.0,1767.4,1872.0,1006,2058,305.6,4972.6,4816.0,4607,5440,364.2,cudaLaunchKernel,"void at::native::elementwise_kernel<(int)128, (int)4, void at::native::gpu_kernel_impl_nocast<at::native::direct_copy_kernel_cuda(at::TensorIteratorBase &)::[lambda() (instance 3)]::operator ()() const::[lambda() (instance 12)]::operator ()() const::[lambda(c10::BFloat16) (instance 1)]>(at::TensorIteratorBase &, const T1 &)::[lambda(int) (instance 1)]>(int, T3)"
318229,319208,0,3,3,10750.7,9670.0,9447,13135,2067.9,5982.7,4799.0,4689,8460,2146.1,1472.3,1494.0,1380,1543,83.6,3295.7,3295.0,3264,3328,32.0,cudaLaunchKernel,"void at::native::unrolled_elementwise_kernel<at::native::direct_copy_kernel_cuda(at::TensorIteratorBase &)::[lambda() (instance 3)]::operator ()() const::[lambda() (instance 11)]::operator ()() const::[lambda(bool) (instance 1)], std::array<char *, (unsigned long)2>, (int)4, TrivialOffsetCalculator<(int)1, unsigned int>, TrivialOffsetCalculator<(int)1, unsigned int>, at::native::memory::LoadWithCast<(int)1>, at::native::memory::StoreWithCast<(int)1>>(int, T1, T2, T4, T5, T6, T7)"
318460,318460,1,1,1,10620.0,10620.0,10620,10620,0.0,7131.0,7131.0,7131,7131,0.0,1857.0,1857.0,1857,1857,0.0,1632.0,1632.0,1632,1632,0.0,cudaLaunchKernel,"void at::native::elementwise_kernel<(int)128, (int)2, void at::native::gpu_kernel_impl_nocast<at::native::CUDAFunctor_add<float>>(at::TensorIteratorBase &, const T1 &)::[lambda(int) (instance 1)]>(int, T3)"
318460,318460,1,3,3,10558.0,10622.0,9981,11071,547.8,7618.7,7759.0,7168,7929,399.4,1520.7,1373.0,1349,1840,276.8,1418.7,1440.0,1344,1472,66.6,cudaLaunchKernel,"void at::native::vectorized_elementwise_kernel<(int)2, at::native::CUDAFunctorOnSelf_add<long>, std::array<char *, (unsigned long)2>>(int, T2, T3)"
318460,318460,1,1,1,10557.0,10557.0,10557,10557,0.0,8065.0,8065.0,8065,8065,0.0,988.0,988.0,988,988,0.0,1504.0,1504.0,1504,1504,0.0,cudaLaunchKernel,"void at::native::vectorized_elementwise_kernel<(int)4, at::native::<unnamed>::masked_fill_kernel(at::TensorIterator &, const c10::Scalar &)::[lambda() (instance 1)]::operator ()() const::[lambda() (instance 7)]::operator ()() const::[lambda(float, bool) (instance 1)], std::array<char *, (unsigned long)3>>(int, T2, T3)"
318229,319208,0,3,3,10270.3,9885.0,9656,11270,873.3,5467.7,5544.0,5314,5545,133.1,3277.0,2805.0,2805,4221,817.5,1525.7,1536.0,1504,1537,18.8,cudaLaunchKernel,"void at::native::vectorized_elementwise_kernel<(int)4, at::native::FillFunctor<float>, std::array<char *, (unsigned long)1>>(int, T2, T3)"
318229,319208,0,6,6,9793.2,8807.5,7680,15902,3154.8,4384.8,4373.0,3949,4898,407.4,2645.5,1867.5,1686,6556,1923.1,2762.8,2592.0,1760,4448,1151.3,cudaLaunchKernel,"void at::native::<unnamed>::CatArrayBatchedCopy_vectorized<at::native::<unnamed>::OpaqueType<(unsigned int)2>, unsigned int, (int)4, (int)128, (int)1, (int)16, (int)8>(char *, at::native::<unnamed>::CatArrInputTensorMetadata<T1, T2, T4, T5>, at::native::<unnamed>::TensorSizeStride<T2, (unsigned int)4>, int, T2)"
318229,319208,0,3,3,9709.3,9671.0,9558,9899,173.7,4408.0,4451.0,4312,4461,83.3,1888.0,1850.0,1683,2131,226.4,3413.3,3424.0,3360,3456,48.9,cudaLaunchKernel,"void at::native::triu_tril_kernel<float, int, (bool)1, (int)2, (bool)0>(at::cuda::detail::TensorInfo<T1, T2>, at::cuda::detail::TensorInfo<const T1, T2>, long, long, T2)"
318460,318460,1,2,2,8747.5,8747.5,7593,9902,1632.7,5625.0,5625.0,4278,6972,1904.9,1682.5,1682.5,1393,1972,409.4,1440.0,1440.0,1343,1537,137.2,cudaLaunchKernel,"void at::native::vectorized_elementwise_kernel<(int)4, at::native::CUDAFunctor_add<float>, std::array<char *, (unsigned long)3>>(int, T2, T3)"
318229,319208,0,3,3,8345.0,8039.0,7975,9021,586.3,4384.7,3984.0,3869,5301,795.6,1826.7,2026.0,1415,2039,356.6,2133.7,2080.0,2016,2305,151.8,cudaLaunchKernel,"void at::native::vectorized_elementwise_kernel<(int)4, at::native::cos_kernel_cuda(at::TensorIteratorBase &)::[lambda() (instance 2)]::operator ()() const::[lambda() (instance 2)]::operator ()() const::[lambda(float) (instance 1)], std::array<char *, (unsigned long)2>>(int, T2, T3)"
318229,318229,0,1,1,8223.0,8223.0,8223,8223,0.0,4916.0,4916.0,4916,4916,0.0,1899.0,1899.0,1899,1899,0.0,1408.0,1408.0,1408,1408,0.0,cudaLaunchKernel,"void at::native::vectorized_elementwise_kernel<(int)4, at::native::BinaryFunctor<float, float, float, at::native::binary_internal::MulFunctor<float>>, std::array<char *, (unsigned long)3>>(int, T2, T3)"
318229,319208,0,4,4,7933.5,7895.5,7598,8345,327.4,4067.0,4012.0,3762,4482,335.4,1882.5,1866.5,1815,1982,71.5,1984.0,2000.0,1888,2048,69.1,cudaLaunchKernel,"void at::native::vectorized_elementwise_kernel<(int)4, at::native::sin_kernel_cuda(at::TensorIteratorBase &)::[lambda() (instance 2)]::operator ()() const::[lambda() (instance 2)]::operator ()() const::[lambda(float) (instance 1)], std::array<char *, (unsigned long)2>>(int, T2, T3)"
318229,319208,0,7,7,7061.9,6944.0,6605,8448,639.0,3961.6,3631.0,3479,5735,797.0,1902.6,1968.0,1369,2203,283.4,1197.7,1184.0,1152,1344,68.8,cudaLaunchKernel,"void at::native::vectorized_elementwise_kernel<(int)4, at::native::AUnaryFunctor<float, float, float, at::native::binary_internal::MulFunctor<float>>, std::array<char *, (unsigned long)2>>(int, T2, T3)"
