Time (%),Total Time (ns),Instances,Avg (ns),Med (ns),Min (ns),Max (ns),StdDev (ns),Name
73.6,331846466,463,716731.0,36576.0,32128,22469703,1504355.6,ncclDevKernel_AllReduce_Sum_bf16_RING_LL(ncclDevKernelArgsStorage<(unsigned long)4096>)
2.5,11364022,203,55980.4,56032.0,54560,56928,440.4,nvjet_sm90_tst_256x128_64x4_1x2_h_bz_coopA_TNT
1.9,8552401,406,21065.0,20816.0,13664,30144,7031.5,nvjet_sm90_tst_128x128_64x6_4x2_h_bz_TNT
1.8,8188223,9,909802.6,6848.0,3936,7430464,2448982.0,ncclDevKernel_AllGather_RING_LL(ncclDevKernelArgsStorage<(unsigned long)4096>)
1.7,7566105,226,33478.3,33343.5,32928,34593,365.9,"void at::native::elementwise_kernel<(int)128, (int)2, void at::native::gpu_kernel_impl_nocast<at::native::<unnamed>::masked_fill_kernel(at::TensorIterator &, const c10::Scalar &)::[lambda() (instance 1)]::operator ()() const::[lambda() (instance 7)]::operator ()() const::[lambda(float, bool) (instance 1)]>(at::TensorIteratorBase &, const T1 &)::[lambda(int) (instance 1)]>(int, T3)"
1.4,6515591,264,24680.3,1536.0,992,610050,105643.5,"void at::native::vectorized_elementwise_kernel<(int)4, at::native::FillFunctor<float>, std::array<char *, (unsigned long)1>>(int, T2, T3)"
1.4,6118653,218,28067.2,6304.0,1600,108289,34092.0,"void at::native::unrolled_elementwise_kernel<at::native::CUDAFunctor_add<float>, std::array<char *, (unsigned long)3>, (int)4, TrivialOffsetCalculator<(int)2, unsigned int>, TrivialOffsetCalculator<(int)1, unsigned int>, at::native::memory::LoadWithCast<(int)2>, at::native::memory::StoreWithCast<(int)1>>(int, T1, T2, T4, T5, T6, T7)"
1.3,5924015,201,29472.7,29376.0,28448,31136,554.4,"void <unnamed>::softmax_warp_forward<float, float, float, (int)10, (bool)0, (bool)0>(T2 *, const T1 *, int, int, int, const bool *, int, bool)"
1.3,5902316,234,25223.6,25824.0,6176,27968,3435.8,"void at::native::unrolled_elementwise_kernel<at::native::direct_copy_kernel_cuda(at::TensorIteratorBase &)::[lambda() (instance 3)]::operator ()() const::[lambda() (instance 7)]::operator ()() const::[lambda(float) (instance 1)], std::array<char *, (unsigned long)2>, (int)4, TrivialOffsetCalculator<(int)1, unsigned int>, TrivialOffsetCalculator<(int)1, unsigned int>, at::native::memory::LoadWithCast<(int)1>, at::native::memory::StoreWithCast<(int)1>>(int, T1, T2, T4, T5, T6, T7)"
1.1,5060607,1018,4971.1,1216.0,1120,19456,7006.8,"void at::native::vectorized_elementwise_kernel<(int)8, at::native::bfloat16_copy_kernel_cuda(at::TensorIteratorBase &)::[lambda(float) (instance 1)], std::array<char *, (unsigned long)2>>(int, T2, T3)"
1.0,4683454,790,5928.4,4960.0,3904,9793,2143.3,"void at::native::<unnamed>::vectorized_layer_norm_kernel<c10::BFloat16, float, (bool)1>(int, T2, const T1 *, const T1 *, const T1 *, T2 *, T2 *, T1 *)"
1.0,4438124,1016,4368.2,4640.0,2368,5792,1008.3,"void at::native::elementwise_kernel<(int)128, (int)4, void at::native::gpu_kernel_impl_nocast<at::native::direct_copy_kernel_cuda(at::TensorIteratorBase &)::[lambda() (instance 3)]::operator ()() const::[lambda() (instance 12)]::operator ()() const::[lambda(c10::BFloat16) (instance 1)]>(at::TensorIteratorBase &, const T1 &)::[lambda(int) (instance 1)]>(int, T3)"
0.9,4254829,231,18419.2,10336.0,10048,382530,53907.6,nvjet_sm90_tst_192x192_64x4_2x1_v_bz_coopB_TNN
0.9,3945495,894,4413.3,3792.0,2720,6496,1537.9,"void at::native::elementwise_kernel<(int)128, (int)4, void at::native::gpu_kernel_impl_nocast<at::native::BinaryFunctor<c10::BFloat16, c10::BFloat16, c10::BFloat16, at::native::binary_internal::MulFunctor<float>>>(at::TensorIteratorBase &, const T1 &)::[lambda(int) (instance 1)]>(int, T3)"
0.8,3688267,195,18914.2,18752.0,18080,21568,647.0,nvjet_sm90_tst_144x128_64x6_1x2_h_bz_TNN
0.6,2819358,447,6307.3,4352.0,4095,8704,2118.6,"void at::native::<unnamed>::CatArrayBatchedCopy<at::native::<unnamed>::OpaqueType<(unsigned int)2>, unsigned int, (int)4, (int)64, (int)64>(T1 *, at::native::<unnamed>::CatArrInputTensorMetadata<T1, T2, T4, T5>, at::native::<unnamed>::TensorSizeStride<T2, (unsigned int)4>, int, T2)"
0.5,2431693,255,9536.1,8768.0,8064,16416,2066.2,nvjet_sm90_tst_128x96_64x7_1x2_h_bz_NNT
0.5,2315469,27,85758.1,77760.0,57089,393986,62123.4,nvjet_sm90_tst_320x128_64x3_1x2_h_bz_coopB_NTT
0.5,2048898,5,409779.6,410400.0,407298,411776,1722.6,"<unnamed>::linear_logp_probs_bf16_forward_kernel(const __nv_bfloat16 *, const int *, float *, float *, float *, __nv_bfloat16 *, int, int, long, long, int)"
0.4,1968895,405,4861.5,4832.0,4480,5696,209.1,triton_poi_fused_add_0
0.4,1763943,53,33281.9,19072.0,18112,49728,15338.9,nvjet_sm90_tst_128x128_64x6_4x2_h_bz_NNT
0.4,1605697,531,3023.9,2208.0,1440,382754,16529.3,"void at::native::vectorized_elementwise_kernel<(int)8, at::native::CUDAFunctor_add<c10::BFloat16>, std::array<char *, (unsigned long)3>>(int, T2, T3)"
0.3,1326346,447,2967.2,2849.0,2560,3712,315.1,"void at::native::elementwise_kernel<(int)128, (int)4, void at::native::gpu_kernel_impl_nocast<at::native::neg_kernel_cuda(at::TensorIteratorBase &)::[lambda() (instance 2)]::operator ()() const::[lambda() (instance 9)]::operator ()() const::[lambda(c10::BFloat16) (instance 1)]>(at::TensorIteratorBase &, const T1 &)::[lambda(int) (instance 1)]>(int, T3)"
0.3,1307224,203,6439.5,6432.0,6112,6944,183.9,triton_poi_fused_mul_silu_split_0
0.3,1287238,108,11918.9,8656.5,4096,29472,10186.6,"void at::native::<unnamed>::GammaBetaBackwardCUDAKernelTemplate<c10::BFloat16, float, (unsigned int)32, (unsigned int)32, (unsigned int)256, (bool)0, (bool)1, (bool)1>(long, long, const T1 *, const T1 *, const T2 *, const T2 *, T1 *, T1 *)"
0.3,1134577,422,2688.6,3392.0,1664,4512,928.0,"void at::native::<unnamed>::CatArrayBatchedCopy_vectorized<at::native::<unnamed>::OpaqueType<(unsigned int)2>, unsigned int, (int)4, (int)128, (int)1, (int)16, (int)8>(char *, at::native::<unnamed>::CatArrInputTensorMetadata<T1, T2, T4, T5>, at::native::<unnamed>::TensorSizeStride<T2, (unsigned int)4>, int, T2)"
0.2,1119397,29,38599.9,39872.0,1408,40736,7166.5,"void at::native::vectorized_elementwise_kernel<(int)4, at::native::BinaryFunctor<float, float, float, at::native::binary_internal::MulFunctor<float>>, std::array<char *, (unsigned long)3>>(int, T2, T3)"
0.2,1050594,27,38910.9,38656.0,38144,40512,679.0,"void <unnamed>::softmax_warp_backward<float, float, float, (int)10, (bool)0, (bool)0>(T2 *, const T1 *, const T1 *, int, int, int, const bool *)"
0.2,1005091,29,34658.3,39232.0,20000,39840,8259.0,nvjet_sm90_tst_256x128_64x4_2x4_h_bz_coopA_NTT
0.2,936263,783,1195.7,1184.0,1120,1632,47.6,"void at::native::vectorized_elementwise_kernel<(int)4, at::native::AUnaryFunctor<float, float, float, at::native::binary_internal::MulFunctor<float>>, std::array<char *, (unsigned long)2>>(int, T2, T3)"
0.2,902760,108,8358.9,9872.0,3840,11169,2614.6,"void at::native::<unnamed>::layer_norm_grad_input_kernel_vectorized<c10::BFloat16, float, (bool)1>(const T1 *, const T1 *, const T2 *, const T2 *, const T1 *, T1 *, int)"
0.2,856478,392,2184.9,2176.0,1856,2784,187.9,"void at::native::vectorized_elementwise_kernel<(int)4, at::native::cos_kernel_cuda(at::TensorIteratorBase &)::[lambda() (instance 2)]::operator ()() const::[lambda() (instance 2)]::operator ()() const::[lambda(float) (instance 1)], std::array<char *, (unsigned long)2>>(int, T2, T3)"
0.2,785056,391,2007.8,2016.0,1824,2464,70.4,"void at::native::vectorized_elementwise_kernel<(int)4, at::native::sin_kernel_cuda(at::TensorIteratorBase &)::[lambda() (instance 2)]::operator ()() const::[lambda() (instance 2)]::operator ()() const::[lambda(float) (instance 1)], std::array<char *, (unsigned long)2>>(int, T2, T3)"
0.2,755109,26,29042.7,29039.5,28896,29377,112.8,nvjet_sm90_tst_256x128_64x4_1x2_h_bz_coopA_NTT
0.2,740614,26,28485.2,28448.5,28064,28896,197.7,nvjet_sm90_tst_128x256_64x4_4x1_v_bz_coopA_NNN
0.2,696258,199,3498.8,3456.0,3328,4192,127.7,"void at::native::triu_tril_kernel<float, int, (bool)1, (int)2, (bool)0>(at::cuda::detail::TensorInfo<T1, T2>, at::cuda::detail::TensorInfo<const T1, T2>, long, long, T2)"
0.1,652259,199,3277.7,3264.0,3231,3424,31.6,"void at::native::unrolled_elementwise_kernel<at::native::direct_copy_kernel_cuda(at::TensorIteratorBase &)::[lambda() (instance 3)]::operator ()() const::[lambda() (instance 11)]::operator ()() const::[lambda(bool) (instance 1)], std::array<char *, (unsigned long)2>, (int)4, TrivialOffsetCalculator<(int)1, unsigned int>, TrivialOffsetCalculator<(int)1, unsigned int>, at::native::memory::LoadWithCast<(int)1>, at::native::memory::StoreWithCast<(int)1>>(int, T1, T2, T4, T5, T6, T7)"
0.1,520325,26,20012.5,20592.5,16480,21792,1752.0,triton_poi_fused_add_cat_mul_rsub_sigmoid_silu_split_0
0.1,418402,28,14942.9,14896.5,14241,16160,454.8,nvjet_sm90_tst_128x96_64x6_1x2_h_bz_NTT
0.1,376611,27,13948.6,13984.0,13471,14304,248.0,"void at::native::reduce_kernel<(int)512, (int)1, at::native::ReduceOp<c10::BFloat16, at::native::func_wrapper_t<c10::BFloat16, at::native::sum_functor<c10::BFloat16, float, c10::BFloat16>::operator ()(at::TensorIterator &)::[lambda(float, float) (instance 1)]>, unsigned int, c10::BFloat16, (int)4, (int)8>>(T3)"
0.1,367774,28,13134.8,13088.0,12832,13760,206.1,nvjet_sm90_tst_128x160_64x5_2x1_v_bz_NTT
0.1,352482,1,352482.0,352482.0,352482,352482,0.0,nvjet_sm90_tst_128x256_64x4_4x1_v_bz_coopA_splitK_NNN
0.0,211105,1,211105.0,211105.0,211105,211105,0.0,"<unnamed>::linear_logp_local_probs_bf16_to_dlogits_row_kernel(__nv_bfloat16 *, const int *, const float *, const float *, const float *, int, int, long, int)"
0.0,204960,55,3726.5,1919.0,1216,119616,15919.6,"void at::native::vectorized_elementwise_kernel<(int)8, at::native::FillFunctor<c10::BFloat16>, std::array<char *, (unsigned long)1>>(int, T2, T3)"
0.0,202689,27,7507.0,7456.0,7232,8191,244.1,nvjet_sm90_tst_96x128_64x6_2x1_v_bz_NTN
0.0,201024,27,7445.3,7392.0,6944,7839,238.3,"void at::native::reduce_kernel<(int)128, (int)4, at::native::ReduceOp<c10::BFloat16, at::native::func_wrapper_t<c10::BFloat16, at::native::sum_functor<c10::BFloat16, float, c10::BFloat16>::operator ()(at::TensorIterator &)::[lambda(float, float) (instance 1)]>, unsigned int, c10::BFloat16, (int)4, (int)8>>(T3)"
0.0,164357,27,6087.3,6080.0,5953,6208,64.1,"void at::native::elementwise_kernel<(int)128, (int)4, void at::native::gpu_kernel_impl_nocast<at::native::CUDAFunctor_add<c10::BFloat16>>(at::TensorIteratorBase &, const T1 &)::[lambda(int) (instance 1)]>(int, T3)"
0.0,117636,54,2178.4,2208.0,2080,2368,68.1,"void at::native::vectorized_elementwise_kernel<(int)8, at::native::AUnaryFunctor<c10::BFloat16, c10::BFloat16, c10::BFloat16, at::native::binary_internal::MulFunctor<float>>, std::array<char *, (unsigned long)2>>(int, T2, T3)"
0.0,57088,1,57088.0,57088.0,57088,57088,0.0,"void at::native::<unnamed>::embedding_backward_feature_kernel<c10::BFloat16, float, long>(const T3 *, const T1 *, T1 *, int, long, int)"
0.0,40480,6,6746.7,6720.0,6656,6880,84.5,"void transformer_engine::normalization::rmsnorm_fwd_general_kernel<transformer_engine::normalization::Kernel_traits<__nv_bfloat16, __nv_bfloat16, __nv_bfloat16, float, unsigned int, (unsigned int)8192, (unsigned int)1, (unsigned int)1, (unsigned int)4, (unsigned int)16, transformer_engine::normalization::Kernel_traits_base<(unsigned int)8192, __nv_bfloat16, __nv_bfloat16, __nv_bfloat16, float, unsigned int, (unsigned int)128>>>(transformer_engine::normalization::ForwardKernelParams)"
0.0,30399,5,6079.8,6144.0,5791,6304,197.6,"void at::native::elementwise_kernel<(int)128, (int)4, void at::native::gpu_kernel_impl_nocast<at::native::<unnamed>::masked_fill_kernel(at::TensorIterator &, const c10::Scalar &)::[lambda() (instance 1)]::operator ()() const::[lambda() (instance 12)]::operator ()() const::[lambda(c10::BFloat16, bool) (instance 1)]>(at::TensorIteratorBase &, const T1 &)::[lambda(int) (instance 1)]>(int, T3)"
0.0,24128,8,3016.0,2912.0,1952,4320,1068.2,"void at::native::reduce_kernel<(int)128, (int)4, at::native::ReduceOp<float, at::native::func_wrapper_t<float, at::native::sum_functor<float, float, float>::operator ()(at::TensorIterator &)::[lambda(float, float) (instance 1)]>, unsigned int, float, (int)4, (int)4>>(T3)"
0.0,21120,1,21120.0,21120.0,21120,21120,0.0,"void transformer_engine::normalization::rmsnorm_bwd_finalize_general_kernel<__nv_bfloat16, float, (unsigned int)4, (unsigned int)1, (unsigned int)4, (unsigned int)32>(transformer_engine::normalization::BackwardKernelParams)"
0.0,19296,6,3216.0,3200.0,2912,3520,259.8,"void at::native::unrolled_elementwise_kernel<at::native::direct_copy_kernel_cuda(at::TensorIteratorBase &)::[lambda() (instance 3)]::operator ()() const::[lambda() (instance 4)]::operator ()() const::[lambda(long) (instance 1)], std::array<char *, (unsigned long)2>, (int)4, TrivialOffsetCalculator<(int)1, unsigned int>, TrivialOffsetCalculator<(int)1, unsigned int>, at::native::memory::LoadWithCast<(int)1>, at::native::memory::StoreWithCast<(int)1>>(int, T1, T2, T4, T5, T6, T7)"
0.0,16864,4,4216.0,4032.0,3840,4960,514.9,"void at::native::vectorized_gather_kernel<(int)16, long>(char *, char *, T2 *, int, long, long, long, long, bool)"
0.0,16128,4,4032.0,3904.0,3808,4512,327.4,"void at::native::reduce_kernel<(int)128, (int)4, at::native::ReduceOp<float, at::native::func_wrapper_t<float, at::native::MaxNanFunctor<float>>, unsigned int, float, (int)4, (int)4>>(T3)"
0.0,14368,6,2394.7,2320.0,2240,2848,232.0,"void at::native::reduce_kernel<(int)512, (int)1, at::native::ReduceOp<long, at::native::func_wrapper_t<long, at::native::sum_functor<long, long, long>::operator ()(at::TensorIterator &)::[lambda(long, long) (instance 1)]>, unsigned int, long, (int)4, (int)4>>(T3)"
0.0,14240,10,1424.0,1408.0,1344,1600,88.3,"void at::native::vectorized_elementwise_kernel<(int)2, at::native::CUDAFunctorOnSelf_add<long>, std::array<char *, (unsigned long)2>>(int, T2, T3)"
0.0,13440,6,2240.0,2256.0,1856,2624,248.7,"void at::native::unrolled_elementwise_kernel<at::native::direct_copy_kernel_cuda(at::TensorIteratorBase &)::[lambda() (instance 3)]::operator ()() const::[lambda() (instance 3)]::operator ()() const::[lambda(int) (instance 1)], std::array<char *, (unsigned long)2>, (int)4, TrivialOffsetCalculator<(int)1, unsigned int>, TrivialOffsetCalculator<(int)1, unsigned int>, at::native::memory::LoadWithCast<(int)1>, at::native::memory::StoreWithCast<(int)1>>(int, T1, T2, T4, T5, T6, T7)"
0.0,11744,8,1468.0,1360.0,1312,1760,199.1,"void at::native::vectorized_elementwise_kernel<(int)4, void at::native::compare_scalar_kernel<long>(at::TensorIteratorBase &, at::native::<unnamed>::OpType, T1)::[lambda(long) (instance 1)], std::array<char *, (unsigned long)2>>(int, T2, T3)"
0.0,11009,10,1100.9,1088.0,1088,1121,16.7,"void at::native::vectorized_elementwise_kernel<(int)2, at::native::FillFunctor<long>, std::array<char *, (unsigned long)1>>(int, T2, T3)"
0.0,10880,10,1088.0,1088.0,992,1152,42.7,"void at::native::vectorized_elementwise_kernel<(int)4, at::native::FillFunctor<int>, std::array<char *, (unsigned long)1>>(int, T2, T3)"
0.0,10752,8,1344.0,1312.0,1312,1537,78.7,"void at::native::vectorized_elementwise_kernel<(int)4, at::native::CUDAFunctor_add<float>, std::array<char *, (unsigned long)3>>(int, T2, T3)"
0.0,9984,1,9984.0,9984.0,9984,9984,0.0,"void transformer_engine::normalization::rmsnorm_bwd_general_kernel<transformer_engine::normalization::Kernel_traits<__nv_bfloat16, __nv_bfloat16, __nv_bfloat16, float, unsigned int, (unsigned int)4096, (unsigned int)1, (unsigned int)1, (unsigned int)4, (unsigned int)16, transformer_engine::normalization::Kernel_traits_base<(unsigned int)4096, __nv_bfloat16, __nv_bfloat16, __nv_bfloat16, float, unsigned int, (unsigned int)128>>, (bool)0>(transformer_engine::normalization::BackwardKernelParams)"
0.0,9408,4,2352.0,2304.0,2208,2592,174.3,"void at::native::reduce_kernel<(int)512, (int)1, at::native::ReduceOp<int, at::native::func_wrapper_t<int, at::native::MaxNanFunctor<int>>, unsigned int, int, (int)4, (int)4>>(T3)"
0.0,9345,6,1557.5,1520.0,1472,1793,121.3,"void at::native::vectorized_elementwise_kernel<(int)2, at::native::<unnamed>::launch_clamp_scalar(at::TensorIteratorBase &, c10::Scalar, c10::Scalar, at::native::detail::ClampLimits)::[lambda() (instance 1)]::operator ()() const::[lambda() (instance 4)]::operator ()() const::[lambda(long) (instance 1)], std::array<char *, (unsigned long)2>>(int, T2, T3)"
0.0,9088,1,9088.0,9088.0,9088,9088,0.0,"void cublasLt::splitKreduce_kernel<(int)32, (int)16, int, float, __nv_bfloat16, float, __nv_bfloat16, (bool)0, float, __nv_bfloat16, __nv_bfloat16, (bool)1, (bool)0, (bool)0, (bool)0>(cublasLt::cublasSplitKParams<T6>, const T4 *, const T10 *, T9 *, T5 *, const T6 *, const T6 *, const T11 *, const T4 *, T11 *, void *, long, T6 *, int *, T6 *, T6 *, const T6 *, const T6 *, const T6 *, const T6 *, const T6 *)"
0.0,7104,4,1776.0,1808.0,1504,1984,231.5,"void at::native::vectorized_elementwise_kernel<(int)4, at::native::BinaryFunctor<bool, bool, bool, at::native::BitwiseOrFunctor<bool>>, std::array<char *, (unsigned long)3>>(int, T2, T3)"
0.0,7040,5,1408.0,1344.0,1312,1696,163.2,"void at::native::<unnamed>::CatArrayBatchedCopy_vectorized<at::native::<unnamed>::OpaqueType<(unsigned int)4>, unsigned int, (int)1, (int)128, (int)1, (int)16, (int)4>(char *, at::native::<unnamed>::CatArrInputTensorMetadata<T1, T2, T4, T5>, at::native::<unnamed>::TensorSizeStride<T2, (unsigned int)4>, int, T2)"
0.0,6976,4,1744.0,1728.0,1728,1792,32.0,"void at::native::vectorized_elementwise_kernel<(int)4, at::native::log_kernel_cuda(at::TensorIteratorBase &)::[lambda() (instance 2)]::operator ()() const::[lambda() (instance 2)]::operator ()() const::[lambda(float) (instance 1)], std::array<char *, (unsigned long)2>>(int, T2, T3)"
0.0,6879,4,1719.8,1696.0,1536,1951,215.7,"void at::native::vectorized_elementwise_kernel<(int)2, at::native::<unnamed>::masked_fill_kernel(at::TensorIterator &, const c10::Scalar &)::[lambda() (instance 1)]::operator ()() const::[lambda() (instance 4)]::operator ()() const::[lambda(long, bool) (instance 1)], std::array<char *, (unsigned long)3>>(int, T2, T3)"
0.0,6720,4,1680.0,1616.0,1504,1984,209.8,"void at::native::vectorized_elementwise_kernel<(int)4, at::native::exp_kernel_cuda(at::TensorIteratorBase &)::[lambda() (instance 2)]::operator ()() const::[lambda() (instance 2)]::operator ()() const::[lambda(float) (instance 1)], std::array<char *, (unsigned long)2>>(int, T2, T3)"
0.0,6368,4,1592.0,1600.0,1536,1632,48.0,"void at::native::elementwise_kernel<(int)128, (int)2, void at::native::gpu_kernel_impl_nocast<at::native::CUDAFunctor_add<float>>(at::TensorIteratorBase &, const T1 &)::[lambda(int) (instance 1)]>(int, T3)"
0.0,6336,4,1584.0,1568.0,1504,1696,96.0,"void at::native::vectorized_elementwise_kernel<(int)4, at::native::<unnamed>::masked_fill_kernel(at::TensorIterator &, const c10::Scalar &)::[lambda() (instance 1)]::operator ()() const::[lambda() (instance 7)]::operator ()() const::[lambda(float, bool) (instance 1)], std::array<char *, (unsigned long)3>>(int, T2, T3)"
0.0,5856,4,1464.0,1488.0,1312,1568,108.9,"void at::native::vectorized_elementwise_kernel<(int)4, at::native::AUnaryFunctor<int, int, int, at::native::binary_internal::MulFunctor<int>>, std::array<char *, (unsigned long)2>>(int, T2, T3)"
0.0,5792,4,1448.0,1424.0,1280,1664,183.6,"void at::native::unrolled_elementwise_kernel<at::native::CUDAFunctor_add<int>, std::array<char *, (unsigned long)3>, (int)4, TrivialOffsetCalculator<(int)2, unsigned int>, TrivialOffsetCalculator<(int)1, unsigned int>, at::native::memory::LoadWithoutCast, at::native::memory::StoreWithoutCast>(int, T1, T2, T4, T5, T6, T7)"
0.0,5408,4,1352.0,1344.0,1344,1376,16.0,"void at::native::vectorized_elementwise_kernel<(int)4, at::native::AUnaryFunctor<float, float, bool, at::native::<unnamed>::CompareEqFunctor<float>>, std::array<char *, (unsigned long)2>>(int, T2, T3)"
0.0,5280,4,1320.0,1312.0,1280,1376,40.3,"void at::native::vectorized_elementwise_kernel<(int)4, at::native::AbsFunctor<float>, std::array<char *, (unsigned long)2>>(int, T2, T3)"
0.0,3584,2,1792.0,1792.0,1760,1824,45.3,"void at::native::elementwise_kernel<(int)128, (int)2, void at::native::gpu_kernel_impl_nocast<at::native::BinaryFunctor<float, float, float, at::native::binary_internal::MulFunctor<float>>>(at::TensorIteratorBase &, const T1 &)::[lambda(int) (instance 1)]>(int, T3)"
0.0,3232,2,1616.0,1616.0,1600,1632,22.6,"void at::native::<unnamed>::CatArrayBatchedCopy_vectorized<at::native::<unnamed>::OpaqueType<(unsigned int)4>, unsigned int, (int)2, (int)128, (int)1, (int)16, (int)4>(char *, at::native::<unnamed>::CatArrInputTensorMetadata<T1, T2, T4, T5>, at::native::<unnamed>::TensorSizeStride<T2, (unsigned int)4>, int, T2)"
0.0,3040,1,3040.0,3040.0,3040,3040,0.0,"void at::native::elementwise_kernel<(int)128, (int)4, void at::native::gpu_kernel_impl<at::native::BinaryFunctor<float, float, float, at::native::binary_internal::MulFunctor<float>>>(at::TensorIteratorBase &, const T1 &)::[lambda(int) (instance 1)]>(int, T3)"
0.0,2944,2,1472.0,1472.0,1472,1472,0.0,"void <unnamed>::elementwise_kernel_with_index<int, at::native::arange_cuda_out(const c10::Scalar &, const c10::Scalar &, const c10::Scalar &, at::Tensor &)::[lambda() (instance 1)]::operator ()() const::[lambda() (instance 7)]::operator ()() const::[lambda(long) (instance 1)]>(T1, T2, function_traits<T2>::result_type *)"
0.0,2657,2,1328.5,1328.5,1280,1377,68.6,"void at::native::vectorized_elementwise_kernel<(int)4, at::native::CUDAFunctorOnSelf_add<float>, std::array<char *, (unsigned long)2>>(int, T2, T3)"
0.0,2560,2,1280.0,1280.0,1152,1408,181.0,"void at::native::vectorized_elementwise_kernel<(int)4, at::native::BUnaryFunctor<float, float, float, at::native::binary_internal::MulFunctor<float>>, std::array<char *, (unsigned long)2>>(int, T2, T3)"
0.0,1696,1,1696.0,1696.0,1696,1696,0.0,"void at::native::unrolled_elementwise_kernel<at::native::BinaryFunctor<float, float, float, at::native::binary_internal::DivFunctor<float>>, std::array<char *, (unsigned long)3>, (int)4, TrivialOffsetCalculator<(int)2, unsigned int>, TrivialOffsetCalculator<(int)1, unsigned int>, at::native::memory::LoadWithCast<(int)2>, at::native::memory::StoreWithCast<(int)1>>(int, T1, T2, T4, T5, T6, T7)"
0.0,1408,1,1408.0,1408.0,1408,1408,0.0,"void at::native::vectorized_elementwise_kernel<(int)4, at::native::BinaryFunctor<float, float, float, at::native::binary_internal::DivFunctor<float>>, std::array<char *, (unsigned long)3>>(int, T2, T3)"
0.0,1248,1,1248.0,1248.0,1248,1248,0.0,"void at::native::vectorized_elementwise_kernel<(int)4, at::native::neg_kernel_cuda(at::TensorIteratorBase &)::[lambda() (instance 2)]::operator ()() const::[lambda() (instance 7)]::operator ()() const::[lambda(float) (instance 1)], std::array<char *, (unsigned long)2>>(int, T2, T3)"
0.0,1088,1,1088.0,1088.0,1088,1088,0.0,triton_poi_fused_add_clamp_div_eq_exp_ge_gt_le_logical_and_lt_masked_fill_mul_neg_where_0
