Time (%),Total Time (ns),Instances,Avg (ns),Med (ns),Min (ns),Max (ns),StdDev (ns),Category,Operation
61.5,174441075,290,601520.9,70864.0,33440,3252176,711914.8,CUDA_KERNEL,ncclDevKernel_AllReduce_Sum_bf16_RING_LL(ncclDevKernelArgsStorage<(unsigned long)4096>)
7.7,21943690,101,217264.3,227970.0,2881,234722,49147.2,CUDA_KERNEL,"void multi_tensor_apply_kernel<TensorListMetadata<(int)4, (bool)0>, transformer_engine::multi_tensor_adam::AdamFunctor<float, float, float, int>, float, float, float, float, float, float, transformer_engine::multi_tensor_adam::adamMode_t, float>(long, volatile int *, T1, T2, T3...)"
4.8,13527856,767,17637.4,1537.0,928,612131,76148.9,CUDA_KERNEL,"void at::native::vectorized_elementwise_kernel<(int)4, at::native::FillFunctor<float>, std::array<char *, (unsigned long)1>>(int, T2, T3)"
2.9,8100279,144,56251.9,56224.5,55136,57408,493.5,CUDA_KERNEL,nvjet_sm90_tst_256x128_64x4_1x2_h_bz_coopA_TNT
2.7,7714779,992,7777.0,1248.0,1120,381602,16445.2,CUDA_KERNEL,"void at::native::vectorized_elementwise_kernel<(int)8, at::native::bfloat16_copy_kernel_cuda(at::TensorIteratorBase &)::[lambda(float) (instance 1)], std::array<char *, (unsigned long)2>>(int, T2, T3)"
2.1,6092736,286,21303.3,27103.5,13792,30592,7156.3,CUDA_KERNEL,nvjet_sm90_tst_128x128_64x6_4x2_h_bz_TNT
1.9,5315985,3,1771995.0,1774056.0,1766560,1775369,4752.4,CUDA_KERNEL,"<unnamed>::fused_linear_logp_sm90_kernel(CUtensorMap_st, CUtensorMap_st, const int *, const float *, float *, float *, float *, int, int, int, int, int)"
1.7,4750872,142,33456.8,33344.0,32737,34144,307.6,CUDA_KERNEL,"void at::native::elementwise_kernel<(int)128, (int)2, void at::native::gpu_kernel_impl_nocast<at::native::<unnamed>::masked_fill_kernel(at::TensorIterator &, const c10::Scalar &)::[lambda() (instance 1)]::operator ()() const::[lambda() (instance 7)]::operator ()() const::[lambda(float, bool) (instance 1)]>(at::TensorIteratorBase &, const T1 &)::[lambda(int) (instance 1)]>(int, T3)"
1.5,4183764,142,29463.1,29360.5,28800,31168,453.2,CUDA_KERNEL,"void <unnamed>::softmax_warp_forward<float, float, float, (int)10, (bool)0, (bool)0>(T2 *, const T1 *, int, int, int, const bool *, int, bool)"
1.3,3660709,145,25246.3,25695.0,6208,26624,2798.2,CUDA_KERNEL,"void at::native::unrolled_elementwise_kernel<at::native::direct_copy_kernel_cuda(at::TensorIteratorBase &)::[lambda() (instance 3)]::operator ()() const::[lambda() (instance 7)]::operator ()() const::[lambda(float) (instance 1)], std::array<char *, (unsigned long)2>, (int)4, TrivialOffsetCalculator<(int)1, unsigned int>, TrivialOffsetCalculator<(int)1, unsigned int>, at::native::memory::LoadWithCast<(int)1>, at::native::memory::StoreWithCast<(int)1>>(int, T1, T2, T4, T5, T6, T7)"
1.3,3579472,7,511353.1,112161.0,3776,1777960,792017.4,CUDA_KERNEL,ncclDevKernel_AllGather_RING_LL(ncclDevKernelArgsStorage<(unsigned long)4096>)
1.2,3298247,562,5868.8,4992.0,3935,9759,2135.3,CUDA_KERNEL,"void at::native::<unnamed>::vectorized_layer_norm_kernel<c10::BFloat16, float, (bool)1>(int, T2, const T1 *, const T1 *, const T1 *, T2 *, T2 *, T1 *)"
1.1,3039036,702,4329.1,4640.0,2399,5473,988.6,CUDA_KERNEL,"void at::native::elementwise_kernel<(int)128, (int)4, void at::native::gpu_kernel_impl_nocast<at::native::direct_copy_kernel_cuda(at::TensorIteratorBase &)::[lambda() (instance 3)]::operator ()() const::[lambda() (instance 12)]::operator ()() const::[lambda(c10::BFloat16) (instance 1)]>(at::TensorIteratorBase &, const T1 &)::[lambda(int) (instance 1)]>(int, T3)"
1.1,3021297,96,31471.8,31312.5,28993,41504,1160.9,CUDA_KERNEL,"void multi_tensor_apply_kernel<TensorListMetadata<(int)1, (bool)0>, transformer_engine::multi_tensor_l2norm::L2NormFunctor<float>, float *, float *, bool, int>(long, volatile int *, T1, T2, T3...)"
0.9,2651971,139,19078.9,18848.0,18144,21472,766.6,CUDA_KERNEL,nvjet_sm90_tst_144x128_64x6_1x2_h_bz_TNN
0.9,2624363,4,656090.8,653987.0,653794,662595,4340.0,CUDA_KERNEL,"void at::native::reduce_kernel<(int)512, (int)1, at::native::ReduceOp<float, at::native::NormTwoOps<float, float, float, (bool)1>, unsigned int, float, (int)4, (int)4>>(T3)"
0.9,2441842,556,4391.8,3360.0,2719,6400,1578.0,CUDA_KERNEL,"void at::native::elementwise_kernel<(int)128, (int)4, void at::native::gpu_kernel_impl_nocast<at::native::BinaryFunctor<c10::BFloat16, c10::BFloat16, c10::BFloat16, at::native::binary_internal::MulFunctor<float>>>(at::TensorIteratorBase &, const T1 &)::[lambda(int) (instance 1)]>(int, T3)"
0.6,1756333,278,6317.7,4352.0,4095,8704,2156.4,CUDA_KERNEL,"void at::native::<unnamed>::CatArrayBatchedCopy<at::native::<unnamed>::OpaqueType<(unsigned int)2>, unsigned int, (int)4, (int)64, (int)64>(T1 *, at::native::<unnamed>::CatArrInputTensorMetadata<T1, T2, T4, T5>, at::native::<unnamed>::TensorSizeStride<T2, (unsigned int)4>, int, T2)"
0.5,1456017,141,10326.4,10304.0,10080,11168,129.7,CUDA_KERNEL,nvjet_sm90_tst_192x192_64x4_2x1_v_bz_coopB_TNN
0.5,1375761,288,4776.9,4799.5,4448,5281,157.5,CUDA_KERNEL,triton_poi_fused_add_0
0.4,1259640,144,8747.5,8704.0,8065,9599,202.1,CUDA_KERNEL,nvjet_sm90_tst_128x96_64x7_1x2_h_bz_NNT
0.3,928453,144,6447.6,6432.0,6048,7104,182.0,CUDA_KERNEL,triton_poi_fused_mul_silu_split_0
0.3,813342,277,2936.3,3008.0,2496,3424,291.3,CUDA_KERNEL,"void at::native::elementwise_kernel<(int)128, (int)4, void at::native::gpu_kernel_impl_nocast<at::native::neg_kernel_cuda(at::TensorIteratorBase &)::[lambda() (instance 2)]::operator ()() const::[lambda() (instance 9)]::operator ()() const::[lambda(c10::BFloat16) (instance 1)]>(at::TensorIteratorBase &, const T1 &)::[lambda(int) (instance 1)]>(int, T3)"
0.3,716488,279,2568.1,1856.0,1632,3584,845.6,CUDA_KERNEL,"void at::native::<unnamed>::CatArrayBatchedCopy_vectorized<at::native::<unnamed>::OpaqueType<(unsigned int)2>, unsigned int, (int)4, (int)128, (int)1, (int)16, (int)8>(char *, at::native::<unnamed>::CatArrInputTensorMetadata<T1, T2, T4, T5>, at::native::<unnamed>::TensorSizeStride<T2, (unsigned int)4>, int, T2)"
0.2,673787,562,1198.9,1184.0,1120,1504,55.0,CUDA_KERNEL,"void at::native::vectorized_elementwise_kernel<(int)4, at::native::AUnaryFunctor<float, float, float, at::native::binary_internal::MulFunctor<float>>, std::array<char *, (unsigned long)2>>(int, T2, T3)"
0.2,612260,280,2186.6,1984.0,1472,3040,586.4,CUDA_KERNEL,"void at::native::vectorized_elementwise_kernel<(int)8, at::native::CUDAFunctor_add<c10::BFloat16>, std::array<char *, (unsigned long)3>>(int, T2, T3)"
0.2,602555,278,2167.5,2176.0,1856,2560,191.5,CUDA_KERNEL,"void at::native::vectorized_elementwise_kernel<(int)4, at::native::cos_kernel_cuda(at::TensorIteratorBase &)::[lambda() (instance 2)]::operator ()() const::[lambda() (instance 2)]::operator ()() const::[lambda(float) (instance 1)], std::array<char *, (unsigned long)2>>(int, T2, T3)"
0.2,557113,278,2004.0,2016.0,1855,2208,72.3,CUDA_KERNEL,"void at::native::vectorized_elementwise_kernel<(int)4, at::native::sin_kernel_cuda(at::TensorIteratorBase &)::[lambda() (instance 2)]::operator ()() const::[lambda() (instance 2)]::operator ()() const::[lambda(float) (instance 1)], std::array<char *, (unsigned long)2>>(int, T2, T3)"
0.2,490781,141,3480.7,3456.0,3328,3744,103.2,CUDA_KERNEL,"void at::native::triu_tril_kernel<float, int, (bool)1, (int)2, (bool)0>(at::cuda::detail::TensorInfo<T1, T2>, at::cuda::detail::TensorInfo<const T1, T2>, long, long, T2)"
0.2,467229,142,3290.3,3296.0,3200,3456,38.5,CUDA_KERNEL,"void at::native::unrolled_elementwise_kernel<at::native::direct_copy_kernel_cuda(at::TensorIteratorBase &)::[lambda() (instance 3)]::operator ()() const::[lambda() (instance 11)]::operator ()() const::[lambda(bool) (instance 1)], std::array<char *, (unsigned long)2>, (int)4, TrivialOffsetCalculator<(int)1, unsigned int>, TrivialOffsetCalculator<(int)1, unsigned int>, at::native::memory::LoadWithCast<(int)1>, at::native::memory::StoreWithCast<(int)1>>(int, T1, T2, T4, T5, T6, T7)"
0.1,406880,301,1351.8,800.0,704,165441,9490.0,MEMORY_OPER,[CUDA memset]
0.1,389410,2,194705.0,194705.0,173729,215681,29664.5,CUDA_KERNEL,ncclDevKernel_AllReduce_Sum_f32_RING_LL(ncclDevKernelArgsStorage<(unsigned long)4096>)
0.1,226240,290,780.1,768.0,704,2816,165.5,MEMORY_OPER,[CUDA memcpy Host-to-Device]
0.0,136576,128,1067.0,1024.0,992,1504,117.0,MEMORY_OPER,[CUDA memcpy Device-to-Device]
0.0,94110,38,2476.6,2336.0,2112,3455,342.4,MEMORY_OPER,[CUDA memcpy Device-to-Host]
0.0,81537,4,20384.3,20368.0,1280,39521,22022.8,CUDA_KERNEL,"void at::native::vectorized_elementwise_kernel<(int)4, at::native::BinaryFunctor<float, float, float, at::native::binary_internal::MulFunctor<float>>, std::array<char *, (unsigned long)3>>(int, T2, T3)"
0.0,75680,3,25226.7,25248.0,25088,25344,129.3,CUDA_KERNEL,"<unnamed>::fused_linear_logp_sm90_combine_kernel(const float *, const float *, const float *, float *, float *, int, int, bool)"
0.0,24606,4,6151.5,6176.0,5919,6335,179.9,CUDA_KERNEL,"void at::native::elementwise_kernel<(int)128, (int)4, void at::native::gpu_kernel_impl_nocast<at::native::<unnamed>::masked_fill_kernel(at::TensorIterator &, const c10::Scalar &)::[lambda() (instance 1)]::operator ()() const::[lambda() (instance 12)]::operator ()() const::[lambda(c10::BFloat16, bool) (instance 1)]>(at::TensorIteratorBase &, const T1 &)::[lambda(int) (instance 1)]>(int, T3)"
0.0,22240,8,2780.0,2592.0,2560,3392,368.6,CUDA_KERNEL,"void at::native::unrolled_elementwise_kernel<at::native::BinaryFunctor<float, float, float, at::native::binary_internal::MulFunctor<float>>, std::array<char *, (unsigned long)3>, (int)4, TrivialOffsetCalculator<(int)2, unsigned int>, TrivialOffsetCalculator<(int)1, unsigned int>, at::native::memory::LoadWithCast<(int)2>, at::native::memory::StoreWithCast<(int)1>>(int, T1, T2, T4, T5, T6, T7)"
0.0,21055,3,7018.3,6847.0,6688,7520,441.7,CUDA_KERNEL,"void transformer_engine::normalization::rmsnorm_fwd_general_kernel<transformer_engine::normalization::Kernel_traits<__nv_bfloat16, __nv_bfloat16, __nv_bfloat16, float, unsigned int, (unsigned int)8192, (unsigned int)1, (unsigned int)1, (unsigned int)4, (unsigned int)16, transformer_engine::normalization::Kernel_traits_base<(unsigned int)8192, __nv_bfloat16, __nv_bfloat16, __nv_bfloat16, float, unsigned int, (unsigned int)128>>>(transformer_engine::normalization::ForwardKernelParams)"
0.0,19710,15,1314.0,1312.0,1152,1759,138.4,CUDA_KERNEL,"void at::native::vectorized_elementwise_kernel<(int)4, at::native::CUDAFunctor_add<float>, std::array<char *, (unsigned long)3>>(int, T2, T3)"
0.0,18176,6,3029.3,2944.0,1920,4320,1167.5,CUDA_KERNEL,"void at::native::reduce_kernel<(int)128, (int)4, at::native::ReduceOp<float, at::native::func_wrapper_t<float, at::native::sum_functor<float, float, float>::operator ()(at::TensorIterator &)::[lambda(float, float) (instance 1)]>, unsigned int, float, (int)4, (int)4>>(T3)"
0.0,16768,4,4192.0,4192.0,3520,4864,619.4,CUDA_KERNEL,"void at::native::vectorized_gather_kernel<(int)16, long>(char *, char *, T2 *, int, long, long, long, long, bool)"
0.0,16160,8,2020.0,1968.0,1856,2240,146.6,CUDA_KERNEL,"void at::native::reduce_kernel<(int)512, (int)1, at::native::ReduceOp<float, at::native::func_wrapper_t<float, at::native::sum_functor<float, float, float>::operator ()(at::TensorIterator &)::[lambda(float, float) (instance 1)]>, unsigned int, float, (int)4, (int)4>>(T3)"
0.0,13248,3,4416.0,4384.0,4352,4512,84.7,CUDA_KERNEL,"void at::native::reduce_kernel<(int)128, (int)4, at::native::ReduceOp<float, at::native::func_wrapper_t<float, at::native::MaxNanFunctor<float>>, unsigned int, float, (int)4, (int)4>>(T3)"
0.0,12928,10,1292.8,1328.0,1152,1472,128.2,CUDA_KERNEL,"void at::native::vectorized_elementwise_kernel<(int)4, at::native::CUDAFunctorOnSelf_add<float>, std::array<char *, (unsigned long)2>>(int, T2, T3)"
0.0,12703,8,1587.9,1552.0,1376,1920,194.3,CUDA_KERNEL,"void at::native::vectorized_elementwise_kernel<(int)4, at::native::BinaryFunctor<float, float, float, at::native::binary_internal::DivFunctor<float>>, std::array<char *, (unsigned long)3>>(int, T2, T3)"
0.0,12384,11,1125.8,1088.0,1056,1344,80.7,CUDA_KERNEL,"void at::native::vectorized_elementwise_kernel<(int)4, at::native::FillFunctor<int>, std::array<char *, (unsigned long)1>>(int, T2, T3)"
0.0,12128,8,1516.0,1376.0,1312,1824,230.7,CUDA_KERNEL,"void at::native::vectorized_elementwise_kernel<(int)4, void at::native::compare_scalar_kernel<long>(at::TensorIteratorBase &, at::native::<unnamed>::OpType, T1)::[lambda(long) (instance 1)], std::array<char *, (unsigned long)2>>(int, T2, T3)"
0.0,10463,8,1307.9,1280.0,1248,1440,73.5,CUDA_KERNEL,"void at::native::vectorized_elementwise_kernel<(int)4, at::native::<unnamed>::launch_clamp_scalar(at::TensorIteratorBase &, c10::Scalar, c10::Scalar, at::native::detail::ClampLimits)::[lambda() (instance 1)]::operator ()() const::[lambda() (instance 7)]::operator ()() const::[lambda(float) (instance 1)], std::array<char *, (unsigned long)2>>(int, T2, T3)"
0.0,10400,4,2600.0,2688.0,2240,2784,245.6,CUDA_KERNEL,"void at::native::reduce_kernel<(int)512, (int)1, at::native::ReduceOp<int, at::native::func_wrapper_t<int, at::native::MaxNanFunctor<int>>, unsigned int, int, (int)4, (int)4>>(T3)"
0.0,9632,7,1376.0,1376.0,1312,1440,45.3,CUDA_KERNEL,"void at::native::vectorized_elementwise_kernel<(int)2, at::native::CUDAFunctorOnSelf_add<long>, std::array<char *, (unsigned long)2>>(int, T2, T3)"
0.0,8960,3,2986.7,3008.0,2912,3040,66.6,CUDA_KERNEL,"void at::native::unrolled_elementwise_kernel<at::native::direct_copy_kernel_cuda(at::TensorIteratorBase &)::[lambda() (instance 3)]::operator ()() const::[lambda() (instance 4)]::operator ()() const::[lambda(long) (instance 1)], std::array<char *, (unsigned long)2>, (int)4, TrivialOffsetCalculator<(int)1, unsigned int>, TrivialOffsetCalculator<(int)1, unsigned int>, at::native::memory::LoadWithCast<(int)1>, at::native::memory::StoreWithCast<(int)1>>(int, T1, T2, T4, T5, T6, T7)"
0.0,8001,6,1333.5,1264.5,1120,1728,210.0,CUDA_KERNEL,"void at::native::vectorized_elementwise_kernel<(int)4, at::native::AbsFunctor<float>, std::array<char *, (unsigned long)2>>(int, T2, T3)"
0.0,7872,7,1124.6,1088.0,1088,1216,53.6,CUDA_KERNEL,"void at::native::vectorized_elementwise_kernel<(int)2, at::native::FillFunctor<long>, std::array<char *, (unsigned long)1>>(int, T2, T3)"
0.0,7552,4,1888.0,1264.0,1184,3840,1301.9,CUDA_KERNEL,"void at::native::<unnamed>::CatArrayBatchedCopy_vectorized<at::native::<unnamed>::OpaqueType<(unsigned int)4>, unsigned int, (int)1, (int)128, (int)1, (int)16, (int)4>(char *, at::native::<unnamed>::CatArrInputTensorMetadata<T1, T2, T4, T5>, at::native::<unnamed>::TensorSizeStride<T2, (unsigned int)4>, int, T2)"
0.0,7327,5,1465.4,1439.0,1248,1792,223.3,CUDA_KERNEL,"void at::native::vectorized_elementwise_kernel<(int)2, at::native::<unnamed>::launch_clamp_scalar(at::TensorIteratorBase &, c10::Scalar, c10::Scalar, at::native::detail::ClampLimits)::[lambda() (instance 1)]::operator ()() const::[lambda() (instance 4)]::operator ()() const::[lambda(long) (instance 1)], std::array<char *, (unsigned long)2>>(int, T2, T3)"
0.0,7071,3,2357.0,2304.0,2272,2495,120.6,CUDA_KERNEL,"void at::native::reduce_kernel<(int)512, (int)1, at::native::ReduceOp<long, at::native::func_wrapper_t<long, at::native::sum_functor<long, long, long>::operator ()(at::TensorIterator &)::[lambda(long, long) (instance 1)]>, unsigned int, long, (int)4, (int)4>>(T3)"
0.0,6943,4,1735.8,1727.5,1536,1952,199.9,CUDA_KERNEL,"void at::native::vectorized_elementwise_kernel<(int)2, at::native::<unnamed>::masked_fill_kernel(at::TensorIterator &, const c10::Scalar &)::[lambda() (instance 1)]::operator ()() const::[lambda() (instance 4)]::operator ()() const::[lambda(long, bool) (instance 1)], std::array<char *, (unsigned long)3>>(int, T2, T3)"
0.0,6784,4,1696.0,1680.0,1504,1920,223.2,CUDA_KERNEL,"void at::native::vectorized_elementwise_kernel<(int)4, at::native::BinaryFunctor<bool, bool, bool, at::native::BitwiseOrFunctor<bool>>, std::array<char *, (unsigned long)3>>(int, T2, T3)"
0.0,5536,4,1384.0,1376.0,1344,1440,40.3,CUDA_KERNEL,"void at::native::vectorized_elementwise_kernel<(int)4, at::native::AUnaryFunctor<float, float, bool, at::native::<unnamed>::CompareEqFunctor<float>>, std::array<char *, (unsigned long)2>>(int, T2, T3)"
0.0,5312,3,1770.7,1760.0,1664,1888,112.4,CUDA_KERNEL,"void at::native::unrolled_elementwise_kernel<at::native::direct_copy_kernel_cuda(at::TensorIteratorBase &)::[lambda() (instance 3)]::operator ()() const::[lambda() (instance 3)]::operator ()() const::[lambda(int) (instance 1)], std::array<char *, (unsigned long)2>, (int)4, TrivialOffsetCalculator<(int)1, unsigned int>, TrivialOffsetCalculator<(int)1, unsigned int>, at::native::memory::LoadWithCast<(int)1>, at::native::memory::StoreWithCast<(int)1>>(int, T1, T2, T4, T5, T6, T7)"
0.0,5312,3,1770.7,1856.0,1536,1920,205.7,CUDA_KERNEL,"void at::native::vectorized_elementwise_kernel<(int)4, at::native::exp_kernel_cuda(at::TensorIteratorBase &)::[lambda() (instance 2)]::operator ()() const::[lambda() (instance 2)]::operator ()() const::[lambda(float) (instance 1)], std::array<char *, (unsigned long)2>>(int, T2, T3)"
0.0,5248,4,1312.0,1312.0,1312,1312,0.0,CUDA_KERNEL,"void at::native::vectorized_elementwise_kernel<(int)4, at::native::AUnaryFunctor<int, int, int, at::native::binary_internal::MulFunctor<int>>, std::array<char *, (unsigned long)2>>(int, T2, T3)"
0.0,5216,3,1738.7,1728.0,1728,1760,18.5,CUDA_KERNEL,"void at::native::vectorized_elementwise_kernel<(int)4, at::native::log_kernel_cuda(at::TensorIteratorBase &)::[lambda() (instance 2)]::operator ()() const::[lambda() (instance 2)]::operator ()() const::[lambda(float) (instance 1)], std::array<char *, (unsigned long)2>>(int, T2, T3)"
0.0,5152,4,1288.0,1248.0,1216,1440,105.7,CUDA_KERNEL,"void at::native::unrolled_elementwise_kernel<at::native::CUDAFunctor_add<int>, std::array<char *, (unsigned long)3>, (int)4, TrivialOffsetCalculator<(int)2, unsigned int>, TrivialOffsetCalculator<(int)1, unsigned int>, at::native::memory::LoadWithoutCast, at::native::memory::StoreWithoutCast>(int, T1, T2, T4, T5, T6, T7)"
0.0,4800,3,1600.0,1568.0,1536,1696,84.7,CUDA_KERNEL,"void at::native::elementwise_kernel<(int)128, (int)2, void at::native::gpu_kernel_impl_nocast<at::native::CUDAFunctor_add<float>>(at::TensorIteratorBase &, const T1 &)::[lambda(int) (instance 1)]>(int, T3)"
0.0,4672,4,1168.0,1168.0,1152,1184,18.5,CUDA_KERNEL,"void at::native::vectorized_elementwise_kernel<(int)4, at::native::BUnaryFunctor<float, float, float, at::native::binary_internal::MulFunctor<float>>, std::array<char *, (unsigned long)2>>(int, T2, T3)"
0.0,4640,3,1546.7,1504.0,1504,1632,73.9,CUDA_KERNEL,"void at::native::vectorized_elementwise_kernel<(int)4, at::native::<unnamed>::masked_fill_kernel(at::TensorIterator &, const c10::Scalar &)::[lambda() (instance 1)]::operator ()() const::[lambda() (instance 7)]::operator ()() const::[lambda(float, bool) (instance 1)], std::array<char *, (unsigned long)3>>(int, T2, T3)"
0.0,4096,2,2048.0,2048.0,2016,2080,45.3,CUDA_KERNEL,"void at::native::unrolled_elementwise_kernel<at::native::BinaryFunctor<float, float, float, at::native::binary_internal::DivFunctor<float>>, std::array<char *, (unsigned long)3>, (int)4, TrivialOffsetCalculator<(int)2, unsigned int>, TrivialOffsetCalculator<(int)1, unsigned int>, at::native::memory::LoadWithCast<(int)2>, at::native::memory::StoreWithCast<(int)1>>(int, T1, T2, T4, T5, T6, T7)"
0.0,3648,2,1824.0,1824.0,1632,2016,271.5,CUDA_KERNEL,"void at::native::<unnamed>::CatArrayBatchedCopy_vectorized<at::native::<unnamed>::OpaqueType<(unsigned int)4>, unsigned int, (int)2, (int)128, (int)1, (int)16, (int)4>(char *, at::native::<unnamed>::CatArrInputTensorMetadata<T1, T2, T4, T5>, at::native::<unnamed>::TensorSizeStride<T2, (unsigned int)4>, int, T2)"
0.0,3584,2,1792.0,1792.0,1792,1792,0.0,CUDA_KERNEL,"void at::native::elementwise_kernel<(int)128, (int)2, void at::native::gpu_kernel_impl_nocast<at::native::BinaryFunctor<float, float, float, at::native::binary_internal::MulFunctor<float>>>(at::TensorIteratorBase &, const T1 &)::[lambda(int) (instance 1)]>(int, T3)"
0.0,3520,2,1760.0,1760.0,1760,1760,0.0,CUDA_KERNEL,"void at::native::unrolled_elementwise_kernel<at::native::CUDAFunctor_add<long>, std::array<char *, (unsigned long)3>, (int)4, TrivialOffsetCalculator<(int)2, unsigned int>, TrivialOffsetCalculator<(int)1, unsigned int>, at::native::memory::LoadWithCast<(int)2>, at::native::memory::StoreWithCast<(int)1>>(int, T1, T2, T4, T5, T6, T7)"
0.0,2720,2,1360.0,1360.0,1280,1440,113.1,CUDA_KERNEL,"void <unnamed>::elementwise_kernel_with_index<int, at::native::arange_cuda_out(const c10::Scalar &, const c10::Scalar &, const c10::Scalar &, at::Tensor &)::[lambda() (instance 1)]::operator ()() const::[lambda() (instance 7)]::operator ()() const::[lambda(long) (instance 1)]>(T1, T2, function_traits<T2>::result_type *)"
0.0,2625,2,1312.5,1312.5,1280,1345,46.0,CUDA_KERNEL,triton_poi_fused__to_copy_clamp_exp_gt_maximum_mul_neg_0
0.0,1696,1,1696.0,1696.0,1696,1696,0.0,CUDA_KERNEL,"transformer_engine::multi_tensor_l2norm::cleanup(float *, float *, float *, float *, bool, int)"
0.0,1312,1,1312.0,1312.0,1312,1312,0.0,CUDA_KERNEL,"void at::native::vectorized_elementwise_kernel<(int)4, void at::native::<unnamed>::pow_tensor_scalar_kernel_impl<float, float>(at::TensorIteratorBase &, T2)::[lambda(float) (instance 1)], std::array<char *, (unsigned long)2>>(int, T2, T3)"
0.0,1280,1,1280.0,1280.0,1280,1280,0.0,CUDA_KERNEL,"void at::native::vectorized_elementwise_kernel<(int)4, at::native::BinaryFunctor<float, float, bool, at::native::<unnamed>::CompareEqFunctor<float>>, std::array<char *, (unsigned long)3>>(int, T2, T3)"
